order_id,customer_id,order_timestamp,order_status,sales_channel,currency
O000001,C0082,2026-06-29T16:38:07Z,COMPLETED,WEB,EUR
O000002,C0073,2026-06-27T07:31:21Z,CANCELLED,MOBILE,EUR
O000003,C0018,2026-02-21T10:25:51Z,COMPLETED,STORE,EUR
O000004,C0012,2026-04-06T19:57:01Z,COMPLETED,WEB,EUR
O000005,C0077,2026-03-16T02:28:29Z,PENDING,STORE,EUR
O000006,C0056,2026-02-26T23:48:35Z,COMPLETED,WEB,EUR
O000007,C0020,2026-02-08T14:59:34Z,COMPLETED,WEB,EUR
O000008,C0015,2026-01-04T18:46:05Z,CANCELLED,MOBILE,EUR
O000009,C0009,2026-04-05T08:52:46Z,PENDING,STORE,EUR
O000010,C0078,2026-04-13T11:08:17Z,COMPLETED,WEB,EUR
O000011,C0067,2026-06-24T16:30:19Z,COMPLETED,WEB,EUR
O000012,C0029,2026-04-25T06:19:46Z,COMPLETED,STORE,EUR
O000013,C0043,2026-06-16T22:11:28Z,COMPLETED,WEB,EUR
O000014,C0061,2026-06-02T08:35:29Z,COMPLETED,WEB,EUR
O000015,C0053,2026-03-24T06:01:10Z,COMPLETED,STORE,EUR
O000016,C0094,2026-03-20T04:21:04Z,COMPLETED,WEB,EUR
O000017,C0060,2026-02-24T02:06:52Z,COMPLETED,WEB,EUR
O000018,C0052,2026-02-11T12:08:04Z,CANCELLED,WEB,EUR
O000019,C0008,2026-02-12T06:33:34Z,COMPLETED,STORE,EUR
O000020,C0075,2026-01-10T17:40:48Z,COMPLETED,STORE,EUR
O000021,C0087,2026-01-14T04:43:14Z,CANCELLED,MOBILE,EUR
O000022,C0006,2026-04-26T10:39:36Z,COMPLETED,MOBILE,EUR
O000023,C0039,2026-05-06T08:15:06Z,COMPLETED,WEB,EUR
O000024,C0010,2026-01-20T09:56:47Z,COMPLETED,STORE,EUR
O000025,C0039,2026-05-17T14:44:01Z,COMPLETED,STORE,EUR
O000026,C0085,2026-06-30T22:17:52Z,COMPLETED,WEB,EUR
O000027,C0027,2026-03-08T13:56:16Z,COMPLETED,MOBILE,EUR
O000028,C0057,2026-05-24T22:23:11Z,COMPLETED,MOBILE,EUR
O000029,C0020,2026-06-25T12:36:44Z,COMPLETED,MOBILE,EUR
O000030,C0046,2026-06-24T13:17:32Z,COMPLETED,WEB,EUR
O000031,C0096,2026-05-01T12:29:32Z,COMPLETED,WEB,EUR
O000032,C0086,2026-06-05T18:41:12Z,CANCELLED,WEB,EUR
O000033,C0040,2026-03-09T21:31:34Z,COMPLETED,WEB,EUR
O000034,C0009,2026-06-17T20:10:36Z,PENDING,MOBILE,EUR
O000035,C0034,2026-04-23T17:44:39Z,COMPLETED,STORE,EUR
O000036,C0056,2026-05-18T15:10:43Z,COMPLETED,STORE,EUR
O000037,C0085,2026-03-02T22:57:10Z,COMPLETED,STORE,EUR
O000038,C0025,2026-01-25T17:12:14Z,COMPLETED,MOBILE,EUR
O000039,C0037,2026-03-01T00:09:35Z,COMPLETED,STORE,EUR
O000040,C0085,2026-04-11T02:10:49Z,COMPLETED,MOBILE,EUR
O000041,C0029,2026-03-02T06:39:34Z,COMPLETED,WEB,EUR
O000042,C0099,2026-04-29T16:44:35Z,COMPLETED,MOBILE,EUR
O000043,C0089,2026-05-08T09:27:06Z,COMPLETED,WEB,EUR
O000044,C0068,2026-05-10T15:08:15Z,PENDING,STORE,EUR
O000045,C0061,2026-06-17T06:51:26Z,COMPLETED,WEB,EUR
O000046,C0043,2026-02-22T18:17:03Z,COMPLETED,STORE,EUR
O000047,C0089,2026-03-16T09:04:25Z,COMPLETED,WEB,EUR
O000048,C0060,2026-04-16T08:45:04Z,COMPLETED,WEB,EUR
O000049,C0054,2026-06-15T17:21:20Z,COMPLETED,STORE,EUR
O000050,C0044,2026-03-17T12:12:21Z,COMPLETED,MOBILE,EUR
O000051,C0073,2026-04-25T22:25:12Z,COMPLETED,WEB,EUR
O000052,C0097,2026-02-24T00:46:11Z,PENDING,MOBILE,EUR
O000053,C0097,2026-01-08T19:36:59Z,COMPLETED,WEB,EUR
O000054,C0015,2026-05-10T23:54:15Z,COMPLETED,WEB,EUR
O000055,C0004,2026-04-23T08:51:58Z,CANCELLED,STORE,EUR
O000056,C0073,2026-06-04T14:41:15Z,COMPLETED,MOBILE,EUR
O000057,C0059,2026-06-23T03:02:26Z,COMPLETED,MOBILE,EUR
O000058,C0056,2026-04-01T06:28:07Z,COMPLETED,STORE,EUR
O000059,C0049,2026-05-10T17:59:02Z,COMPLETED,MOBILE,EUR
O000060,C0036,2026-06-20T21:35:51Z,COMPLETED,STORE,EUR
O000061,C0061,2026-05-15T02:28:22Z,COMPLETED,MOBILE,EUR
O000062,C0045,2026-04-14T02:16:31Z,COMPLETED,STORE,EUR
O000063,C0041,2026-02-07T09:30:28Z,COMPLETED,STORE,EUR
O000064,C0037,2026-04-26T21:14:47Z,PENDING,WEB,EUR
O000065,C0071,2026-01-11T14:06:34Z,COMPLETED,WEB,EUR
O000066,C0009,2026-01-23T03:41:04Z,COMPLETED,WEB,EUR
O000067,C0011,2026-02-28T23:58:34Z,PENDING,WEB,EUR
O000068,C0008,2026-05-01T14:11:49Z,COMPLETED,STORE,EUR
O000069,C0034,2026-02-10T23:26:55Z,COMPLETED,WEB,EUR
O000070,C0089,2026-03-29T11:29:57Z,COMPLETED,MOBILE,EUR
O000071,C0090,2026-02-24T21:33:47Z,CANCELLED,WEB,EUR
O000072,C0070,2026-01-23T06:53:46Z,COMPLETED,WEB,EUR
O000073,C0016,2026-03-27T06:36:12Z,COMPLETED,MOBILE,EUR
O000074,C0004,2026-02-18T14:47:56Z,COMPLETED,STORE,EUR
O000075,C0098,2026-01-08T19:29:35Z,COMPLETED,MOBILE,EUR
O000076,C0021,2026-01-21T07:28:14Z,COMPLETED,STORE,EUR
O000077,C0052,2026-05-31T00:20:03Z,CANCELLED,WEB,EUR
O000078,C0017,2026-04-17T15:32:56Z,CANCELLED,MOBILE,EUR
O000079,C0029,2026-01-19T02:23:10Z,PENDING,WEB,EUR
O000080,C0019,2026-04-18T01:04:53Z,COMPLETED,STORE,EUR
O000081,C0001,2026-06-09T08:02:15Z,COMPLETED,MOBILE,EUR
O000082,C0031,2026-05-16T10:34:41Z,COMPLETED,WEB,EUR
O000083,C0013,2026-03-06T11:12:26Z,CANCELLED,MOBILE,EUR
O000084,C0019,2026-05-21T06:49:56Z,COMPLETED,STORE,EUR
O000085,C0084,2026-03-19T04:24:23Z,COMPLETED,MOBILE,EUR
O000086,C0012,2026-05-26T00:11:00Z,COMPLETED,WEB,EUR
O000087,C0004,2026-02-28T03:36:47Z,COMPLETED,WEB,EUR
O000088,C0011,2026-02-03T23:52:56Z,COMPLETED,MOBILE,EUR
O000089,C0059,2026-02-19T07:37:12Z,COMPLETED,WEB,EUR
O000090,C0059,2026-02-18T13:32:31Z,COMPLETED,WEB,EUR
O000091,C0073,2026-01-02T13:44:21Z,CANCELLED,STORE,EUR
O000092,C0030,2026-05-31T15:12:53Z,COMPLETED,MOBILE,EUR
O000093,C0081,2026-01-19T20:49:00Z,COMPLETED,MOBILE,EUR
O000094,C0070,2026-06-02T17:24:55Z,CANCELLED,MOBILE,EUR
O000095,C0097,2026-01-28T07:58:30Z,PENDING,STORE,EUR
O000096,C0082,2026-03-15T23:42:27Z,CANCELLED,WEB,EUR
O000097,C0083,2026-02-12T23:38:45Z,COMPLETED,MOBILE,EUR
O000098,C0031,2026-01-19T20:56:51Z,CANCELLED,WEB,EUR
O000099,C0053,2026-04-30T13:08:50Z,CANCELLED,MOBILE,EUR
O000100,C0057,2026-03-28T02:18:53Z,PENDING,MOBILE,EUR
O000101,C0083,2026-06-25T02:12:32Z,COMPLETED,MOBILE,EUR
O000102,C0043,2026-01-10T19:42:46Z,COMPLETED,WEB,EUR
O000103,C0030,2026-06-07T21:06:05Z,COMPLETED,WEB,EUR
O000104,C0033,2026-04-15T21:35:11Z,COMPLETED,WEB,EUR
O000105,C0031,2026-06-03T09:35:43Z,COMPLETED,WEB,EUR
O000106,C0096,2026-01-23T01:38:38Z,COMPLETED,MOBILE,EUR
O000107,C0085,2026-06-02T02:06:08Z,COMPLETED,MOBILE,EUR
O000108,C0088,2026-03-24T18:34:44Z,COMPLETED,STORE,EUR
O000109,C0068,2026-04-27T00:02:52Z,COMPLETED,STORE,EUR
O000110,C0059,2026-06-10T16:03:11Z,COMPLETED,STORE,EUR
O000111,C0033,2026-05-10T03:37:38Z,COMPLETED,WEB,EUR
O000112,C0016,2026-05-11T02:29:17Z,COMPLETED,STORE,EUR
O000113,C0029,2026-04-04T15:09:55Z,COMPLETED,MOBILE,EUR
O000114,C0083,2026-05-12T01:37:10Z,COMPLETED,STORE,EUR
O000115,C0085,2026-04-20T23:14:51Z,COMPLETED,WEB,EUR
O000116,C0054,2026-03-15T01:11:34Z,COMPLETED,WEB,EUR
O000117,C0080,2026-05-27T11:55:33Z,COMPLETED,WEB,EUR
O000118,C0066,2026-05-27T14:17:24Z,COMPLETED,MOBILE,EUR
O000119,C0086,2026-04-13T07:41:27Z,COMPLETED,WEB,EUR
O000120,C0096,2026-04-07T13:59:01Z,COMPLETED,WEB,EUR
O000121,C0059,2026-01-04T15:20:30Z,CANCELLED,MOBILE,EUR
O000122,C0089,2026-03-31T08:12:25Z,CANCELLED,WEB,EUR
O000123,C0100,2026-03-06T16:12:44Z,COMPLETED,STORE,EUR
O000124,C0100,2026-06-25T21:54:21Z,COMPLETED,STORE,EUR
O000125,C0020,2026-04-27T23:22:57Z,COMPLETED,STORE,EUR
O000126,C0073,2026-05-27T11:58:20Z,COMPLETED,MOBILE,EUR
O000127,C0008,2026-04-25T20:12:57Z,COMPLETED,WEB,EUR
O000128,C0060,2026-03-16T15:49:05Z,COMPLETED,STORE,EUR
O000129,C0042,2026-02-06T13:15:34Z,COMPLETED,STORE,EUR
O000130,C0023,2026-05-06T11:10:13Z,COMPLETED,STORE,EUR
O000131,C0081,2026-06-03T06:03:50Z,COMPLETED,WEB,EUR
O000132,C0011,2026-03-06T17:34:46Z,COMPLETED,WEB,EUR
O000133,C0049,2026-04-19T12:45:56Z,COMPLETED,MOBILE,EUR
O000134,C0003,2026-03-12T06:14:28Z,COMPLETED,WEB,EUR
O000135,C0010,2026-01-31T02:05:48Z,COMPLETED,WEB,EUR
O000136,C0077,2026-01-26T10:43:58Z,COMPLETED,WEB,EUR
O000137,C0047,2026-03-21T18:44:23Z,COMPLETED,WEB,EUR
O000138,C0074,2026-05-12T17:08:20Z,PENDING,MOBILE,EUR
O000139,C0033,2026-06-19T12:29:01Z,COMPLETED,MOBILE,EUR
O000140,C0066,2026-03-29T05:58:45Z,COMPLETED,MOBILE,EUR
O000141,C0004,2026-06-30T16:18:48Z,COMPLETED,MOBILE,EUR
O000142,C0043,2026-05-07T05:02:10Z,COMPLETED,WEB,EUR
O000143,C0018,2026-06-11T09:15:20Z,COMPLETED,MOBILE,EUR
O000144,C0037,2026-05-31T17:13:35Z,COMPLETED,WEB,EUR
O000145,C0080,2026-06-04T03:50:16Z,COMPLETED,WEB,EUR
O000146,C0046,2026-04-30T09:13:13Z,COMPLETED,MOBILE,EUR
O000147,C0065,2026-04-16T15:36:20Z,COMPLETED,STORE,EUR
O000148,C0050,2026-05-04T10:26:26Z,PENDING,MOBILE,EUR
O000149,C0094,2026-02-16T19:43:41Z,COMPLETED,WEB,EUR
O000150,C0081,2026-04-03T22:07:00Z,COMPLETED,WEB,EUR
O000151,C0026,2026-02-26T23:32:29Z,COMPLETED,WEB,EUR
O000152,C0070,2026-03-19T07:51:30Z,COMPLETED,WEB,EUR
O000153,C0048,2026-01-25T04:05:44Z,COMPLETED,MOBILE,EUR
O000154,C0078,2026-03-25T14:46:29Z,PENDING,WEB,EUR
O000155,C0055,2026-05-20T08:33:05Z,COMPLETED,MOBILE,EUR
O000156,C0082,2026-05-11T07:56:37Z,COMPLETED,STORE,EUR
O000157,C0009,2026-01-25T12:16:28Z,COMPLETED,STORE,EUR
O000158,C0057,2026-03-14T05:42:28Z,COMPLETED,STORE,EUR
O000159,C0004,2026-01-23T00:42:31Z,COMPLETED,MOBILE,EUR
O000160,C0018,2026-01-24T19:31:54Z,CANCELLED,MOBILE,EUR
O000161,C0091,2026-03-09T11:07:09Z,COMPLETED,STORE,EUR
O000162,C0018,2026-06-03T19:17:36Z,COMPLETED,MOBILE,EUR
O000163,C0060,2026-03-13T15:15:02Z,COMPLETED,STORE,EUR
O000164,C0062,2026-05-20T14:10:31Z,COMPLETED,MOBILE,EUR
O000165,C0058,2026-01-15T09:38:02Z,COMPLETED,STORE,EUR
O000166,C0016,2026-06-11T10:33:43Z,COMPLETED,MOBILE,EUR
O000167,C0011,2026-06-14T06:20:12Z,COMPLETED,STORE,EUR
O000168,C0020,2026-04-23T18:00:31Z,COMPLETED,STORE,EUR
O000169,C0080,2026-03-22T21:26:06Z,COMPLETED,MOBILE,EUR
O000170,C0008,2026-05-14T17:10:18Z,COMPLETED,MOBILE,EUR
O000171,C0072,2026-04-10T23:58:52Z,COMPLETED,WEB,EUR
O000172,C0021,2026-06-18T00:37:30Z,COMPLETED,STORE,EUR
O000173,C0012,2026-01-05T12:00:33Z,CANCELLED,STORE,EUR
O000174,C0002,2026-04-15T05:09:36Z,COMPLETED,MOBILE,EUR
O000175,C0007,2026-03-19T18:50:44Z,COMPLETED,WEB,EUR
O000176,C0079,2026-05-13T02:53:14Z,COMPLETED,WEB,EUR
O000177,C0018,2026-01-08T13:21:08Z,COMPLETED,MOBILE,EUR
O000178,C0065,2026-03-07T07:36:50Z,COMPLETED,STORE,EUR
O000179,C0093,2026-06-04T17:08:47Z,CANCELLED,STORE,EUR
O000180,C0100,2026-05-08T07:16:31Z,COMPLETED,WEB,EUR
O000181,C0081,2026-04-12T19:05:59Z,COMPLETED,MOBILE,EUR
O000182,C0057,2026-01-04T16:15:16Z,COMPLETED,WEB,EUR
O000183,C0085,2026-03-05T02:50:26Z,COMPLETED,MOBILE,EUR
O000184,C0025,2026-04-05T00:26:34Z,PENDING,MOBILE,EUR
O000185,C0045,2026-04-04T04:02:45Z,COMPLETED,STORE,EUR
O000186,C0037,2026-01-09T04:02:38Z,PENDING,WEB,EUR
O000187,C0035,2026-05-16T04:23:36Z,COMPLETED,STORE,EUR
O000188,C0053,2026-01-20T10:57:22Z,COMPLETED,MOBILE,EUR
O000189,C0021,2026-04-17T20:49:43Z,COMPLETED,MOBILE,EUR
O000190,C0005,2026-05-21T09:58:21Z,CANCELLED,WEB,EUR
O000191,C0043,2026-01-21T20:03:26Z,COMPLETED,STORE,EUR
O000192,C0002,2026-02-06T03:45:02Z,COMPLETED,MOBILE,EUR
O000193,C0052,2026-01-17T20:13:38Z,COMPLETED,WEB,EUR
O000194,C0058,2026-02-15T17:36:30Z,COMPLETED,MOBILE,EUR
O000195,C0016,2026-05-10T16:06:31Z,COMPLETED,WEB,EUR
O000196,C0018,2026-02-12T13:12:47Z,COMPLETED,MOBILE,EUR
O000197,C0058,2026-04-13T01:02:18Z,COMPLETED,MOBILE,EUR
O000198,C0071,2026-06-10T22:22:01Z,CANCELLED,WEB,EUR
O000199,C0092,2026-02-09T21:14:25Z,COMPLETED,WEB,EUR
O000200,C0051,2026-01-05T05:27:27Z,COMPLETED,WEB,EUR
O000201,C0070,2026-01-13T09:08:33Z,PENDING,WEB,EUR
O000202,C0088,2026-01-16T13:59:31Z,PENDING,STORE,EUR
O000203,C0017,2026-04-13T16:35:05Z,COMPLETED,WEB,EUR
O000204,C0087,2026-03-31T21:45:16Z,COMPLETED,MOBILE,EUR
O000205,C0009,2026-02-10T00:24:35Z,COMPLETED,WEB,EUR
O000206,C0100,2026-05-27T11:41:31Z,COMPLETED,STORE,EUR
O000207,C0019,2026-02-28T14:19:27Z,PENDING,STORE,EUR
O000208,C0095,2026-06-20T19:45:49Z,CANCELLED,STORE,EUR
O000209,C0024,2026-03-15T02:25:53Z,COMPLETED,MOBILE,EUR
O000210,C0054,2026-03-22T03:12:59Z,COMPLETED,WEB,EUR
O000211,C0049,2026-02-22T03:07:18Z,COMPLETED,STORE,EUR
O000212,C0086,2026-05-21T15:30:25Z,COMPLETED,MOBILE,EUR
O000213,C0096,2026-01-23T18:43:59Z,PENDING,MOBILE,EUR
O000214,C0100,2026-03-04T10:50:04Z,COMPLETED,MOBILE,EUR
O000215,C0027,2026-06-27T13:05:20Z,COMPLETED,MOBILE,EUR
O000216,C0003,2026-01-29T08:02:56Z,COMPLETED,STORE,EUR
O000217,C0063,2026-05-29T05:31:06Z,PENDING,STORE,EUR
O000218,C0010,2026-01-07T13:37:48Z,CANCELLED,STORE,EUR
O000219,C0081,2026-01-27T16:45:25Z,COMPLETED,STORE,EUR
O000220,C0082,2026-04-30T23:19:15Z,COMPLETED,STORE,EUR
O000221,C0003,2026-02-25T16:03:55Z,COMPLETED,STORE,EUR
O000222,C0048,2026-01-16T08:15:22Z,PENDING,MOBILE,EUR
O000223,C0084,2026-06-16T15:35:28Z,COMPLETED,WEB,EUR
O000224,C0013,2026-06-16T14:23:05Z,CANCELLED,WEB,EUR
O000225,C0010,2026-06-29T10:53:39Z,COMPLETED,MOBILE,EUR
O000226,C0076,2026-02-10T05:25:36Z,COMPLETED,STORE,EUR
O000227,C0089,2026-01-28T04:13:01Z,COMPLETED,STORE,EUR
O000228,C0100,2026-03-19T00:46:12Z,COMPLETED,STORE,EUR
O000229,C0085,2026-04-24T18:22:33Z,COMPLETED,STORE,EUR
O000230,C0041,2026-03-17T15:46:12Z,COMPLETED,WEB,EUR
O000231,C0035,2026-05-28T20:07:54Z,COMPLETED,WEB,EUR
O000232,C0004,2026-01-21T01:22:47Z,COMPLETED,STORE,EUR
O000233,C0050,2026-06-17T17:13:06Z,COMPLETED,MOBILE,EUR
O000234,C0035,2026-02-28T11:22:24Z,COMPLETED,WEB,EUR
O000235,C0033,2026-03-12T02:57:50Z,CANCELLED,STORE,EUR
O000236,C0043,2026-03-27T11:35:15Z,COMPLETED,STORE,EUR
O000237,C0023,2026-03-03T00:12:00Z,PENDING,MOBILE,EUR
O000238,C0051,2026-06-08T13:08:24Z,COMPLETED,STORE,EUR
O000239,C0060,2026-05-22T05:03:35Z,CANCELLED,WEB,EUR
O000240,C0049,2026-03-24T03:55:09Z,COMPLETED,STORE,EUR
O000241,C0032,2026-05-30T07:35:08Z,COMPLETED,MOBILE,EUR
O000242,C0056,2026-06-04T14:42:20Z,COMPLETED,WEB,EUR
O000243,C0048,2026-03-28T13:28:43Z,COMPLETED,STORE,EUR
O000244,C0011,2026-06-28T18:03:44Z,COMPLETED,STORE,EUR
O000245,C0045,2026-04-04T18:35:53Z,COMPLETED,MOBILE,EUR
O000246,C0067,2026-02-17T08:43:00Z,COMPLETED,WEB,EUR
O000247,C0095,2026-01-06T16:02:45Z,COMPLETED,WEB,EUR
O000248,C0047,2026-02-06T07:17:45Z,COMPLETED,MOBILE,EUR
O000249,C0041,2026-05-05T02:27:42Z,COMPLETED,STORE,EUR
O000250,C0031,2026-01-23T21:16:30Z,COMPLETED,WEB,EUR
O000251,C0024,2026-03-24T03:30:13Z,COMPLETED,STORE,EUR
O000252,C0058,2026-03-03T02:02:56Z,COMPLETED,MOBILE,EUR
O000253,C0050,2026-06-08T07:10:53Z,PENDING,STORE,EUR
O000254,C0036,2026-01-07T08:22:12Z,COMPLETED,MOBILE,EUR
O000255,C0015,2026-04-10T04:31:42Z,COMPLETED,MOBILE,EUR
O000256,C0084,2026-06-11T04:24:35Z,COMPLETED,MOBILE,EUR
O000257,C0012,2026-06-17T10:08:29Z,COMPLETED,WEB,EUR
O000258,C0081,2026-04-29T12:01:34Z,COMPLETED,STORE,EUR
O000259,C0069,2026-04-26T21:33:30Z,COMPLETED,STORE,EUR
O000260,C0084,2026-02-23T20:25:16Z,COMPLETED,WEB,EUR
O000261,C0074,2026-01-28T14:34:04Z,COMPLETED,STORE,EUR
O000262,C0042,2026-04-05T18:27:07Z,COMPLETED,STORE,EUR
O000263,C0090,2026-05-09T23:08:04Z,COMPLETED,WEB,EUR
O000264,C0044,2026-06-03T01:45:40Z,CANCELLED,WEB,EUR
O000265,C0021,2026-01-25T02:59:13Z,COMPLETED,WEB,EUR
O000266,C0084,2026-05-10T00:50:07Z,COMPLETED,MOBILE,EUR
O000267,C0062,2026-02-11T10:36:53Z,COMPLETED,STORE,EUR
O000268,C0016,2026-03-08T17:10:17Z,PENDING,MOBILE,EUR
O000269,C0014,2026-06-06T12:01:51Z,COMPLETED,MOBILE,EUR
O000270,C0079,2026-01-02T15:29:42Z,COMPLETED,MOBILE,EUR
O000271,C0013,2026-01-17T19:59:43Z,COMPLETED,WEB,EUR
O000272,C0037,2026-04-28T23:35:20Z,COMPLETED,STORE,EUR
O000273,C0078,2026-04-11T12:53:08Z,COMPLETED,STORE,EUR
O000274,C0002,2026-04-13T13:59:36Z,PENDING,MOBILE,EUR
O000275,C0098,2026-02-03T13:10:04Z,COMPLETED,WEB,EUR
O000276,C0028,2026-02-20T21:52:19Z,COMPLETED,WEB,EUR
O000277,C0020,2026-04-30T14:59:14Z,COMPLETED,MOBILE,EUR
O000278,C0042,2026-04-15T03:45:33Z,COMPLETED,STORE,EUR
O000279,C0031,2026-06-14T08:49:38Z,COMPLETED,WEB,EUR
O000280,C0021,2026-01-03T04:53:51Z,COMPLETED,MOBILE,EUR
O000281,C0068,2026-02-22T19:31:17Z,COMPLETED,STORE,EUR
O000282,C0008,2026-03-11T22:17:56Z,COMPLETED,STORE,EUR
O000283,C0015,2026-05-21T08:23:28Z,COMPLETED,STORE,EUR
O000284,C0061,2026-01-09T22:17:22Z,COMPLETED,WEB,EUR
O000285,C0093,2026-03-22T19:53:46Z,COMPLETED,WEB,EUR
O000286,C0060,2026-01-14T09:13:13Z,CANCELLED,MOBILE,EUR
O000287,C0080,2026-05-24T14:40:26Z,COMPLETED,MOBILE,EUR
O000288,C0089,2026-05-04T11:42:13Z,CANCELLED,MOBILE,EUR
O000289,C0040,2026-05-22T05:04:03Z,COMPLETED,STORE,EUR
O000290,C0030,2026-01-09T12:35:24Z,CANCELLED,STORE,EUR
O000291,C0073,2026-04-25T22:26:03Z,COMPLETED,STORE,EUR
O000292,C0095,2026-06-11T12:56:03Z,COMPLETED,MOBILE,EUR
O000293,C0060,2026-03-29T07:07:58Z,COMPLETED,WEB,EUR
O000294,C0088,2026-06-06T19:40:27Z,COMPLETED,STORE,EUR
O000295,C0092,2026-01-18T17:04:58Z,COMPLETED,MOBILE,EUR
O000296,C0060,2026-01-19T09:27:06Z,COMPLETED,WEB,EUR
O000297,C0026,2026-01-26T09:10:37Z,COMPLETED,MOBILE,EUR
O000298,C0010,2026-06-28T03:31:37Z,COMPLETED,WEB,EUR
O000299,C0060,2026-01-09T06:58:45Z,COMPLETED,STORE,EUR
O000300,C0058,2026-02-24T08:13:00Z,CANCELLED,WEB,EUR
O000301,C0012,2026-01-12T20:10:59Z,COMPLETED,WEB,EUR
O000302,C0073,2026-03-08T19:18:54Z,COMPLETED,MOBILE,EUR
O000303,C0046,2026-04-13T19:19:59Z,COMPLETED,WEB,EUR
O000304,C0098,2026-01-11T20:33:11Z,PENDING,WEB,EUR
O000305,C0019,2026-04-20T10:35:47Z,COMPLETED,WEB,EUR
O000306,C0001,2026-04-03T19:35:24Z,COMPLETED,STORE,EUR
O000307,C0076,2026-01-29T16:23:16Z,COMPLETED,WEB,EUR
O000308,C0091,2026-03-14T13:03:33Z,CANCELLED,MOBILE,EUR
O000309,C0021,2026-01-27T11:54:39Z,COMPLETED,MOBILE,EUR
O000310,C0040,2026-03-15T11:23:51Z,COMPLETED,MOBILE,EUR
O000311,C0099,2026-06-15T04:48:53Z,PENDING,WEB,EUR
O000312,C0019,2026-04-07T08:23:23Z,COMPLETED,WEB,EUR
O000313,C0082,2026-05-11T02:32:26Z,COMPLETED,MOBILE,EUR
O000314,C0054,2026-05-23T06:05:28Z,PENDING,MOBILE,EUR
O000315,C0041,2026-01-04T21:34:12Z,COMPLETED,WEB,EUR
O000316,C0094,2026-02-01T05:52:09Z,COMPLETED,WEB,EUR
O000317,C0013,2026-01-11T09:35:16Z,COMPLETED,WEB,EUR
O000318,C0063,2026-06-13T02:00:20Z,COMPLETED,MOBILE,EUR
O000319,C0085,2026-06-09T23:38:23Z,COMPLETED,MOBILE,EUR
O000320,C0015,2026-04-02T22:59:57Z,COMPLETED,MOBILE,EUR
O000321,C0034,2026-01-09T15:55:47Z,COMPLETED,MOBILE,EUR
O000322,C0045,2026-05-10T17:45:48Z,COMPLETED,MOBILE,EUR
O000323,C0061,2026-05-14T09:58:07Z,COMPLETED,WEB,EUR
O000324,C0097,2026-01-24T08:33:14Z,COMPLETED,WEB,EUR
O000325,C0026,2026-03-26T13:04:46Z,PENDING,STORE,EUR
O000326,C0072,2026-03-17T08:40:23Z,COMPLETED,MOBILE,EUR
O000327,C0019,2026-01-30T01:23:01Z,COMPLETED,STORE,EUR
O000328,C0037,2026-06-02T13:50:24Z,CANCELLED,MOBILE,EUR
O000329,C0078,2026-05-01T01:13:41Z,COMPLETED,MOBILE,EUR
O000330,C0007,2026-02-16T03:11:59Z,COMPLETED,MOBILE,EUR
O000331,C0039,2026-01-27T02:16:54Z,PENDING,MOBILE,EUR
O000332,C0053,2026-06-27T08:54:19Z,COMPLETED,STORE,EUR
O000333,C0073,2026-06-20T17:59:12Z,COMPLETED,WEB,EUR
O000334,C0026,2026-05-17T19:49:55Z,COMPLETED,MOBILE,EUR
O000335,C0045,2026-04-18T01:24:04Z,COMPLETED,MOBILE,EUR
O000336,C0021,2026-01-10T15:23:26Z,CANCELLED,WEB,EUR
O000337,C0100,2026-01-04T21:27:02Z,PENDING,STORE,EUR
O000338,C0077,2026-02-03T15:10:24Z,COMPLETED,WEB,EUR
O000339,C0060,2026-02-12T08:55:40Z,COMPLETED,STORE,EUR
O000340,C0044,2026-01-13T09:30:08Z,PENDING,STORE,EUR
O000341,C0077,2026-06-06T09:34:30Z,COMPLETED,MOBILE,EUR
O000342,C0050,2026-03-20T13:34:03Z,COMPLETED,STORE,EUR
O000343,C0061,2026-06-02T09:53:07Z,CANCELLED,STORE,EUR
O000344,C0034,2026-05-24T20:55:56Z,COMPLETED,STORE,EUR
O000345,C0040,2026-05-25T12:16:10Z,COMPLETED,MOBILE,EUR
O000346,C0010,2026-05-01T12:27:37Z,COMPLETED,WEB,EUR
O000347,C0053,2026-02-27T22:26:18Z,COMPLETED,WEB,EUR
O000348,C0092,2026-03-03T10:27:13Z,COMPLETED,WEB,EUR
O000349,C0098,2026-06-02T11:20:52Z,COMPLETED,WEB,EUR
O000350,C0042,2026-06-23T05:03:03Z,COMPLETED,STORE,EUR
O000351,C0045,2026-05-15T16:03:34Z,COMPLETED,WEB,EUR
O000352,C0044,2026-04-12T18:33:54Z,COMPLETED,STORE,EUR
O000353,C0030,2026-01-04T17:07:39Z,COMPLETED,WEB,EUR
O000354,C0092,2026-03-13T04:26:23Z,COMPLETED,WEB,EUR
O000355,C0015,2026-05-14T22:28:00Z,COMPLETED,MOBILE,EUR
O000356,C0020,2026-05-17T06:56:34Z,COMPLETED,STORE,EUR
O000357,C0085,2026-01-20T14:36:00Z,COMPLETED,STORE,EUR
O000358,C0015,2026-02-24T21:30:32Z,COMPLETED,MOBILE,EUR
O000359,C0053,2026-05-17T14:15:10Z,COMPLETED,WEB,EUR
O000360,C0020,2026-04-06T22:41:30Z,CANCELLED,STORE,EUR
O000361,C0030,2026-05-06T02:49:37Z,COMPLETED,MOBILE,EUR
O000362,C0015,2026-05-24T09:50:48Z,COMPLETED,WEB,EUR
O000363,C0057,2026-03-11T10:11:54Z,PENDING,MOBILE,EUR
O000364,C0052,2026-01-23T02:29:44Z,COMPLETED,MOBILE,EUR
O000365,C0008,2026-05-22T01:19:16Z,PENDING,WEB,EUR
O000366,C0073,2026-06-05T18:49:29Z,COMPLETED,WEB,EUR
O000367,C0084,2026-02-20T19:12:15Z,COMPLETED,STORE,EUR
O000368,C0085,2026-03-26T01:13:02Z,COMPLETED,MOBILE,EUR
O000369,C0065,2026-01-31T11:20:04Z,COMPLETED,MOBILE,EUR
O000370,C0007,2026-02-24T00:18:22Z,COMPLETED,STORE,EUR
O000371,C0096,2026-04-07T13:55:40Z,COMPLETED,WEB,EUR
O000372,C0086,2026-05-08T02:38:18Z,COMPLETED,MOBILE,EUR
O000373,C0047,2026-05-08T14:37:16Z,COMPLETED,WEB,EUR
O000374,C0046,2026-03-08T06:50:22Z,COMPLETED,MOBILE,EUR
O000375,C0079,2026-02-19T09:04:26Z,COMPLETED,WEB,EUR
O000376,C0076,2026-05-08T20:37:50Z,PENDING,WEB,EUR
O000377,C0017,2026-05-22T20:21:06Z,COMPLETED,STORE,EUR
O000378,C0058,2026-02-27T02:56:53Z,COMPLETED,WEB,EUR
O000379,C0080,2026-02-10T17:19:55Z,COMPLETED,STORE,EUR
O000380,C0098,2026-01-23T09:49:38Z,COMPLETED,MOBILE,EUR
O000381,C0008,2026-05-11T03:36:39Z,COMPLETED,WEB,EUR
O000382,C0058,2026-03-11T15:34:52Z,COMPLETED,STORE,EUR
O000383,C0090,2026-06-02T07:08:10Z,COMPLETED,STORE,EUR
O000384,C0088,2026-06-03T00:51:57Z,COMPLETED,STORE,EUR
O000385,C0100,2026-05-01T12:01:37Z,CANCELLED,MOBILE,EUR
O000386,C0026,2026-04-28T03:59:13Z,COMPLETED,WEB,EUR
O000387,C0006,2026-03-15T05:52:16Z,COMPLETED,STORE,EUR
O000388,C0042,2026-01-30T20:18:34Z,COMPLETED,STORE,EUR
O000389,C0009,2026-04-12T02:12:04Z,COMPLETED,WEB,EUR
O000390,C0061,2026-04-14T00:18:14Z,PENDING,STORE,EUR
O000391,C0083,2026-02-16T16:06:08Z,COMPLETED,STORE,EUR
O000392,C0070,2026-02-19T19:47:55Z,COMPLETED,WEB,EUR
O000393,C0022,2026-01-19T15:11:21Z,PENDING,STORE,EUR
O000394,C0081,2026-05-11T03:59:17Z,COMPLETED,STORE,EUR
O000395,C0005,2026-03-06T09:54:20Z,COMPLETED,WEB,EUR
O000396,C0050,2026-03-21T03:42:23Z,COMPLETED,MOBILE,EUR
O000397,C0010,2026-05-17T02:20:49Z,COMPLETED,STORE,EUR
O000398,C0037,2026-01-17T19:08:36Z,COMPLETED,MOBILE,EUR
O000399,C0039,2026-01-28T23:26:26Z,COMPLETED,STORE,EUR
O000400,C0071,2026-04-15T07:18:35Z,CANCELLED,MOBILE,EUR
O000401,C0024,2026-02-01T06:06:06Z,COMPLETED,MOBILE,EUR
O000402,C0071,2026-05-06T04:24:03Z,COMPLETED,STORE,EUR
O000403,C0075,2026-05-21T21:29:27Z,COMPLETED,MOBILE,EUR
O000404,C0063,2026-03-03T16:59:23Z,COMPLETED,STORE,EUR
O000405,C0041,2026-01-01T22:31:05Z,COMPLETED,WEB,EUR
O000406,C0023,2026-01-22T03:11:48Z,COMPLETED,WEB,EUR
O000407,C0065,2026-06-14T23:21:49Z,COMPLETED,STORE,EUR
O000408,C0029,2026-03-18T05:10:29Z,CANCELLED,STORE,EUR
O000409,C0031,2026-05-09T16:18:20Z,COMPLETED,STORE,EUR
O000410,C0073,2026-04-20T23:24:57Z,COMPLETED,WEB,EUR
O000411,C0067,2026-02-10T03:38:13Z,CANCELLED,MOBILE,EUR
O000412,C0073,2026-04-16T16:51:18Z,COMPLETED,STORE,EUR
O000413,C0062,2026-04-05T12:56:21Z,CANCELLED,WEB,EUR
O000414,C0028,2026-02-24T12:40:01Z,COMPLETED,WEB,EUR
O000415,C0062,2026-05-12T02:47:49Z,COMPLETED,STORE,EUR
O000416,C0076,2026-04-22T08:38:27Z,COMPLETED,STORE,EUR
O000417,C0034,2026-02-02T07:12:25Z,CANCELLED,STORE,EUR
O000418,C0053,2026-02-12T14:18:34Z,COMPLETED,STORE,EUR
O000419,C0044,2026-05-14T03:05:11Z,CANCELLED,STORE,EUR
O000420,C0014,2026-01-26T16:09:29Z,COMPLETED,STORE,EUR
O000421,C0085,2026-04-04T15:24:20Z,COMPLETED,STORE,EUR
O000422,C0048,2026-03-23T16:31:46Z,CANCELLED,STORE,EUR
O000423,C0030,2026-05-29T17:09:40Z,CANCELLED,WEB,EUR
O000424,C0016,2026-04-12T11:12:57Z,COMPLETED,MOBILE,EUR
O000425,C0084,2026-03-24T17:38:15Z,COMPLETED,MOBILE,EUR
O000426,C0072,2026-04-19T13:33:57Z,COMPLETED,MOBILE,EUR
O000427,C0090,2026-06-02T01:33:13Z,CANCELLED,WEB,EUR
O000428,C0091,2026-05-13T22:18:05Z,COMPLETED,MOBILE,EUR
O000429,C0077,2026-06-29T18:49:43Z,COMPLETED,WEB,EUR
O000430,C0037,2026-04-12T04:03:42Z,COMPLETED,STORE,EUR
O000431,C0057,2026-04-06T23:55:25Z,COMPLETED,STORE,EUR
O000432,C0047,2026-01-08T00:03:25Z,COMPLETED,WEB,EUR
O000433,C0026,2026-04-24T19:19:53Z,COMPLETED,STORE,EUR
O000434,C0072,2026-05-22T00:03:05Z,CANCELLED,MOBILE,EUR
O000435,C0053,2026-02-03T23:43:16Z,COMPLETED,STORE,EUR
O000436,C0066,2026-01-23T17:18:05Z,PENDING,STORE,EUR
O000437,C0076,2026-03-31T11:06:46Z,CANCELLED,MOBILE,EUR
O000438,C0029,2026-05-04T01:04:40Z,COMPLETED,WEB,EUR
O000439,C0087,2026-03-19T11:09:05Z,COMPLETED,MOBILE,EUR
O000440,C0046,2026-03-02T22:45:11Z,COMPLETED,STORE,EUR
O000441,C0030,2026-02-10T03:39:29Z,COMPLETED,WEB,EUR
O000442,C0062,2026-01-09T04:57:37Z,COMPLETED,MOBILE,EUR
O000443,C0055,2026-06-05T04:52:04Z,COMPLETED,STORE,EUR
O000444,C0088,2026-06-17T01:45:18Z,COMPLETED,MOBILE,EUR
O000445,C0089,2026-03-03T07:02:29Z,COMPLETED,STORE,EUR
O000446,C0034,2026-06-17T08:28:29Z,COMPLETED,MOBILE,EUR
O000447,C0055,2026-04-07T20:26:12Z,COMPLETED,STORE,EUR
O000448,C0013,2026-02-14T09:11:53Z,COMPLETED,WEB,EUR
O000449,C0069,2026-04-11T09:25:37Z,COMPLETED,MOBILE,EUR
O000450,C0033,2026-02-11T20:09:01Z,COMPLETED,STORE,EUR
O000451,C0047,2026-03-12T02:12:17Z,COMPLETED,MOBILE,EUR
O000452,C0084,2026-05-07T04:35:33Z,COMPLETED,MOBILE,EUR
O000453,C0060,2026-02-25T15:17:47Z,COMPLETED,WEB,EUR
O000454,C0010,2026-03-20T14:22:39Z,COMPLETED,MOBILE,EUR
O000455,C0051,2026-05-06T04:15:36Z,COMPLETED,MOBILE,EUR
O000456,C0031,2026-05-22T07:39:55Z,COMPLETED,STORE,EUR
O000457,C0013,2026-01-21T00:03:29Z,COMPLETED,MOBILE,EUR
O000458,C0011,2026-05-29T13:08:29Z,COMPLETED,STORE,EUR
O000459,C0037,2026-05-24T05:26:00Z,COMPLETED,WEB,EUR
O000460,C0061,2026-06-17T19:39:20Z,COMPLETED,STORE,EUR
O000461,C0082,2026-05-26T10:10:51Z,CANCELLED,MOBILE,EUR
O000462,C0020,2026-02-20T10:47:18Z,COMPLETED,WEB,EUR
O000463,C0063,2026-06-29T01:14:36Z,CANCELLED,MOBILE,EUR
O000464,C0053,2026-02-06T14:48:16Z,CANCELLED,MOBILE,EUR
O000465,C0079,2026-05-29T11:00:24Z,COMPLETED,STORE,EUR
O000466,C0038,2026-01-27T12:42:50Z,COMPLETED,MOBILE,EUR
O000467,C0037,2026-01-20T20:37:44Z,COMPLETED,STORE,EUR
O000468,C0060,2026-03-14T02:50:09Z,COMPLETED,WEB,EUR
O000469,C0025,2026-02-05T06:20:05Z,CANCELLED,MOBILE,EUR
O000470,C0013,2026-05-30T17:06:05Z,COMPLETED,WEB,EUR
O000471,C0082,2026-04-04T10:41:32Z,COMPLETED,MOBILE,EUR
O000472,C0082,2026-02-15T19:40:49Z,COMPLETED,WEB,EUR
O000473,C0075,2026-01-09T03:42:11Z,COMPLETED,MOBILE,EUR
O000474,C0088,2026-01-18T17:57:43Z,COMPLETED,STORE,EUR
O000475,C0090,2026-01-30T21:18:42Z,COMPLETED,WEB,EUR
O000476,C0025,2026-05-23T08:54:27Z,COMPLETED,MOBILE,EUR
O000477,C0063,2026-05-16T08:25:53Z,COMPLETED,WEB,EUR
O000478,C0058,2026-01-31T02:28:15Z,COMPLETED,MOBILE,EUR
O000479,C0080,2026-05-31T16:29:57Z,COMPLETED,STORE,EUR
O000480,C0068,2026-02-06T20:51:20Z,COMPLETED,STORE,EUR
O000481,C0067,2026-01-19T16:35:12Z,COMPLETED,WEB,EUR
O000482,C0005,2026-01-20T04:13:30Z,COMPLETED,MOBILE,EUR
O000483,C0027,2026-06-30T15:05:51Z,COMPLETED,WEB,EUR
O000484,C0039,2026-01-14T16:01:56Z,COMPLETED,WEB,EUR
O000485,C0025,2026-03-16T19:46:22Z,COMPLETED,STORE,EUR
O000486,C0014,2026-05-25T21:07:01Z,COMPLETED,STORE,EUR
O000487,C0044,2026-04-09T00:02:19Z,COMPLETED,STORE,EUR
O000488,C0099,2026-03-14T19:55:14Z,COMPLETED,STORE,EUR
O000489,C0018,2026-04-11T12:14:04Z,PENDING,MOBILE,EUR
O000490,C0041,2026-06-16T03:56:46Z,COMPLETED,STORE,EUR
O000491,C0018,2026-01-31T07:30:42Z,COMPLETED,STORE,EUR
O000492,C0028,2026-04-21T12:02:05Z,COMPLETED,STORE,EUR
O000493,C0074,2026-05-22T21:43:30Z,COMPLETED,WEB,EUR
O000494,C0068,2026-03-01T04:23:36Z,COMPLETED,STORE,EUR
O000495,C0051,2026-05-23T01:24:11Z,PENDING,STORE,EUR
O000496,C0051,2026-06-02T16:44:30Z,COMPLETED,MOBILE,EUR
O000497,C0071,2026-01-10T13:48:22Z,COMPLETED,WEB,EUR
O000498,C0026,2026-04-21T22:35:38Z,COMPLETED,STORE,EUR
O000499,C0074,2026-06-29T10:47:44Z,COMPLETED,STORE,EUR
O000500,C0019,2026-05-02T00:14:21Z,COMPLETED,WEB,EUR
O000501,C0007,2026-05-24T14:42:00Z,COMPLETED,STORE,EUR
O000502,C0061,2026-03-29T09:26:20Z,COMPLETED,WEB,EUR
O000503,C0094,2026-05-01T23:35:10Z,PENDING,STORE,EUR
O000504,C0006,2026-04-13T07:03:42Z,COMPLETED,WEB,EUR
O000505,C0085,2026-03-17T11:13:03Z,COMPLETED,STORE,EUR
O000506,C0077,2026-04-05T02:41:21Z,COMPLETED,WEB,EUR
O000507,C0068,2026-02-18T00:55:51Z,COMPLETED,MOBILE,EUR
O000508,C0050,2026-02-20T00:52:22Z,CANCELLED,WEB,EUR
O000509,C0079,2026-05-12T15:41:06Z,CANCELLED,STORE,EUR
O000510,C0078,2026-06-26T15:40:27Z,COMPLETED,STORE,EUR
O000511,C0026,2026-06-05T08:45:35Z,CANCELLED,MOBILE,EUR
O000512,C0009,2026-03-03T15:38:22Z,COMPLETED,STORE,EUR
O000513,C0004,2026-05-22T04:26:10Z,COMPLETED,MOBILE,EUR
O000514,C0035,2026-04-30T19:10:44Z,COMPLETED,STORE,EUR
O000515,C0089,2026-01-16T10:22:56Z,COMPLETED,WEB,EUR
O000516,C0098,2026-03-21T08:09:48Z,PENDING,MOBILE,EUR
O000517,C0032,2026-06-22T08:27:17Z,COMPLETED,WEB,EUR
O000518,C0006,2026-03-30T17:18:37Z,CANCELLED,WEB,EUR
O000519,C0037,2026-05-31T05:35:46Z,COMPLETED,MOBILE,EUR
O000520,C0065,2026-05-21T07:46:41Z,COMPLETED,STORE,EUR
O000521,C0076,2026-03-30T02:18:19Z,CANCELLED,WEB,EUR
O000522,C0011,2026-03-12T11:26:19Z,COMPLETED,MOBILE,EUR
O000523,C0085,2026-04-20T19:22:54Z,CANCELLED,WEB,EUR
O000524,C0099,2026-05-22T18:48:01Z,PENDING,MOBILE,EUR
O000525,C0059,2026-01-03T08:53:32Z,COMPLETED,MOBILE,EUR
O000526,C0076,2026-02-12T02:42:19Z,COMPLETED,MOBILE,EUR
O000527,C0008,2026-01-29T18:55:25Z,COMPLETED,WEB,EUR
O000528,C0012,2026-06-28T17:18:12Z,COMPLETED,MOBILE,EUR
O000529,C0072,2026-06-02T21:07:09Z,COMPLETED,MOBILE,EUR
O000530,C0071,2026-06-13T18:06:27Z,COMPLETED,MOBILE,EUR
O000531,C0027,2026-04-12T21:01:42Z,COMPLETED,STORE,EUR
O000532,C0068,2026-05-03T03:15:09Z,PENDING,MOBILE,EUR
O000533,C0073,2026-04-30T06:47:55Z,COMPLETED,STORE,EUR
O000534,C0027,2026-06-14T16:17:30Z,COMPLETED,MOBILE,EUR
O000535,C0065,2026-02-28T07:25:29Z,COMPLETED,WEB,EUR
O000536,C0093,2026-03-18T21:43:25Z,COMPLETED,WEB,EUR
O000537,C0005,2026-06-04T19:28:29Z,COMPLETED,MOBILE,EUR
O000538,C0096,2026-06-30T03:48:52Z,COMPLETED,STORE,EUR
O000539,C0043,2026-05-14T02:37:49Z,COMPLETED,MOBILE,EUR
O000540,C0049,2026-03-07T20:33:53Z,COMPLETED,WEB,EUR
O000541,C0031,2026-04-07T12:26:29Z,COMPLETED,MOBILE,EUR
O000542,C0026,2026-06-01T00:45:57Z,CANCELLED,MOBILE,EUR
O000543,C0044,2026-02-06T22:27:02Z,CANCELLED,STORE,EUR
O000544,C0092,2026-03-17T06:17:31Z,CANCELLED,WEB,EUR
O000545,C0077,2026-06-14T16:32:39Z,CANCELLED,MOBILE,EUR
O000546,C0036,2026-02-25T15:30:02Z,COMPLETED,MOBILE,EUR
O000547,C0015,2026-02-23T03:14:25Z,COMPLETED,STORE,EUR
O000548,C0041,2026-04-17T16:13:46Z,COMPLETED,STORE,EUR
O000549,C0017,2026-01-10T20:24:04Z,COMPLETED,STORE,EUR
O000550,C0055,2026-01-17T17:20:46Z,COMPLETED,STORE,EUR
O000551,C0090,2026-06-07T20:09:37Z,COMPLETED,MOBILE,EUR
O000552,C0047,2026-02-20T02:36:46Z,COMPLETED,STORE,EUR
O000553,C0022,2026-03-31T13:32:31Z,COMPLETED,MOBILE,EUR
O000554,C0084,2026-04-18T23:50:46Z,COMPLETED,MOBILE,EUR
O000555,C0089,2026-02-10T10:27:36Z,COMPLETED,MOBILE,EUR
O000556,C0076,2026-01-23T04:46:59Z,COMPLETED,MOBILE,EUR
O000557,C0009,2026-03-20T19:08:08Z,COMPLETED,STORE,EUR
O000558,C0020,2026-05-09T07:55:49Z,COMPLETED,MOBILE,EUR
O000559,C0045,2026-05-20T09:08:58Z,PENDING,STORE,EUR
O000560,C0017,2026-06-14T14:16:24Z,CANCELLED,WEB,EUR
O000561,C0090,2026-03-25T19:56:24Z,COMPLETED,STORE,EUR
O000562,C0050,2026-04-18T20:27:07Z,COMPLETED,MOBILE,EUR
O000563,C0018,2026-01-17T10:33:36Z,COMPLETED,MOBILE,EUR
O000564,C0055,2026-02-06T01:50:56Z,COMPLETED,STORE,EUR
O000565,C0091,2026-04-04T20:11:33Z,COMPLETED,STORE,EUR
O000566,C0061,2026-02-17T14:51:38Z,COMPLETED,STORE,EUR
O000567,C0079,2026-03-02T16:21:15Z,COMPLETED,MOBILE,EUR
O000568,C0061,2026-06-25T22:31:21Z,COMPLETED,MOBILE,EUR
O000569,C0075,2026-04-02T21:05:16Z,COMPLETED,WEB,EUR
O000570,C0036,2026-06-15T08:01:20Z,COMPLETED,STORE,EUR
O000571,C0048,2026-03-28T17:33:16Z,COMPLETED,MOBILE,EUR
O000572,C0077,2026-01-29T04:04:34Z,CANCELLED,WEB,EUR
O000573,C0034,2026-05-05T17:09:13Z,COMPLETED,WEB,EUR
O000574,C0039,2026-04-03T11:24:06Z,COMPLETED,STORE,EUR
O000575,C0056,2026-04-14T00:02:22Z,COMPLETED,MOBILE,EUR
O000576,C0035,2026-02-22T11:48:39Z,COMPLETED,MOBILE,EUR
O000577,C0002,2026-04-17T08:03:34Z,COMPLETED,WEB,EUR
O000578,C0088,2026-01-21T04:14:34Z,COMPLETED,WEB,EUR
O000579,C0028,2026-06-23T14:11:16Z,PENDING,STORE,EUR
O000580,C0078,2026-06-16T07:18:12Z,COMPLETED,STORE,EUR
O000581,C0010,2026-05-09T06:02:59Z,COMPLETED,MOBILE,EUR
O000582,C0034,2026-01-12T15:53:36Z,PENDING,MOBILE,EUR
O000583,C0083,2026-02-04T15:36:02Z,COMPLETED,WEB,EUR
O000584,C0033,2026-05-22T06:36:22Z,COMPLETED,WEB,EUR
O000585,C0091,2026-04-11T01:51:31Z,CANCELLED,MOBILE,EUR
O000586,C0069,2026-04-21T03:32:53Z,CANCELLED,MOBILE,EUR
O000587,C0059,2026-01-16T14:57:20Z,COMPLETED,MOBILE,EUR
O000588,C0050,2026-05-16T03:02:47Z,CANCELLED,STORE,EUR
O000589,C0093,2026-01-05T22:12:27Z,PENDING,WEB,EUR
O000590,C0093,2026-03-07T13:52:57Z,COMPLETED,WEB,EUR
O000591,C0075,2026-05-24T21:33:01Z,COMPLETED,WEB,EUR
O000592,C0003,2026-05-07T23:04:32Z,COMPLETED,STORE,EUR
O000593,C0081,2026-02-03T10:44:18Z,COMPLETED,MOBILE,EUR
O000594,C0076,2026-06-12T05:01:23Z,COMPLETED,WEB,EUR
O000595,C0009,2026-02-12T19:56:32Z,COMPLETED,MOBILE,EUR
O000596,C0028,2026-06-12T10:01:57Z,COMPLETED,STORE,EUR
O000597,C0090,2026-02-02T15:10:25Z,COMPLETED,WEB,EUR
O000598,C0001,2026-01-02T05:35:28Z,COMPLETED,WEB,EUR
O000599,C0067,2026-02-22T14:43:02Z,COMPLETED,WEB,EUR
O000600,C0079,2026-04-08T01:38:42Z,PENDING,STORE,EUR
O000601,C0047,2026-05-01T04:22:50Z,CANCELLED,STORE,EUR
O000602,C0020,2026-01-22T21:07:21Z,COMPLETED,MOBILE,EUR
O000603,C0014,2026-01-09T09:52:26Z,COMPLETED,STORE,EUR
O000604,C0031,2026-06-23T19:22:16Z,COMPLETED,STORE,EUR
O000605,C0095,2026-02-16T01:03:05Z,COMPLETED,WEB,EUR
O000606,C0048,2026-03-17T05:05:24Z,COMPLETED,STORE,EUR
O000607,C0089,2026-01-07T05:34:17Z,COMPLETED,MOBILE,EUR
O000608,C0038,2026-02-12T16:35:30Z,COMPLETED,STORE,EUR
O000609,C0028,2026-04-05T23:53:58Z,COMPLETED,MOBILE,EUR
O000610,C0076,2026-06-23T04:11:40Z,CANCELLED,STORE,EUR
O000611,C0094,2026-04-02T09:24:00Z,COMPLETED,WEB,EUR
O000612,C0053,2026-05-23T02:22:16Z,CANCELLED,WEB,EUR
O000613,C0059,2026-05-17T13:38:11Z,CANCELLED,STORE,EUR
O000614,C0091,2026-06-19T18:03:46Z,COMPLETED,MOBILE,EUR
O000615,C0079,2026-05-16T13:10:19Z,COMPLETED,WEB,EUR
O000616,C0066,2026-01-11T15:26:27Z,CANCELLED,STORE,EUR
O000617,C0083,2026-02-04T00:48:19Z,COMPLETED,WEB,EUR
O000618,C0095,2026-04-03T21:56:28Z,CANCELLED,STORE,EUR
O000619,C0088,2026-04-08T18:47:15Z,COMPLETED,WEB,EUR
O000620,C0065,2026-04-05T09:58:53Z,COMPLETED,WEB,EUR
O000621,C0051,2026-01-16T13:37:16Z,CANCELLED,MOBILE,EUR
O000622,C0090,2026-01-22T18:04:20Z,COMPLETED,WEB,EUR
O000623,C0017,2026-04-16T03:16:11Z,COMPLETED,MOBILE,EUR
O000624,C0044,2026-04-23T08:57:32Z,COMPLETED,MOBILE,EUR
O000625,C0034,2026-06-03T06:15:14Z,COMPLETED,MOBILE,EUR
O000626,C0069,2026-05-19T05:17:06Z,COMPLETED,WEB,EUR
O000627,C0057,2026-01-25T13:24:33Z,COMPLETED,WEB,EUR
O000628,C0048,2026-01-29T17:28:12Z,COMPLETED,WEB,EUR
O000629,C0070,2026-05-24T09:38:09Z,PENDING,MOBILE,EUR
O000630,C0015,2026-05-14T19:39:27Z,COMPLETED,WEB,EUR
O000631,C0029,2026-04-30T21:51:39Z,COMPLETED,WEB,EUR
O000632,C0011,2026-01-05T09:05:03Z,COMPLETED,MOBILE,EUR
O000633,C0041,2026-04-06T05:44:03Z,COMPLETED,STORE,EUR
O000634,C0092,2026-01-29T17:28:40Z,CANCELLED,MOBILE,EUR
O000635,C0021,2026-02-26T01:07:55Z,COMPLETED,MOBILE,EUR
O000636,C0049,2026-05-27T19:44:48Z,COMPLETED,MOBILE,EUR
O000637,C0049,2026-06-11T14:43:23Z,COMPLETED,MOBILE,EUR
O000638,C0072,2026-04-06T22:40:30Z,COMPLETED,WEB,EUR
O000639,C0082,2026-02-28T06:53:26Z,COMPLETED,MOBILE,EUR
O000640,C0063,2026-02-04T19:56:07Z,CANCELLED,STORE,EUR
O000641,C0047,2026-05-25T18:35:14Z,COMPLETED,STORE,EUR
O000642,C0008,2026-04-23T22:42:23Z,COMPLETED,MOBILE,EUR
O000643,C0046,2026-05-04T13:07:35Z,COMPLETED,MOBILE,EUR
O000644,C0098,2026-02-05T13:59:42Z,COMPLETED,WEB,EUR
O000645,C0019,2026-03-10T06:42:41Z,COMPLETED,STORE,EUR
O000646,C0029,2026-04-08T17:56:03Z,COMPLETED,STORE,EUR
O000647,C0017,2026-01-23T15:14:07Z,CANCELLED,MOBILE,EUR
O000648,C0039,2026-05-18T20:20:59Z,COMPLETED,WEB,EUR
O000649,C0027,2026-01-25T08:08:46Z,COMPLETED,WEB,EUR
O000650,C0076,2026-04-10T16:59:11Z,COMPLETED,WEB,EUR
O000651,C0026,2026-06-24T23:46:45Z,COMPLETED,MOBILE,EUR
O000652,C0075,2026-02-23T20:39:51Z,COMPLETED,WEB,EUR
O000653,C0028,2026-04-13T16:34:01Z,COMPLETED,MOBILE,EUR
O000654,C0065,2026-06-28T17:44:04Z,CANCELLED,MOBILE,EUR
O000655,C0028,2026-03-24T08:24:40Z,COMPLETED,MOBILE,EUR
O000656,C0015,2026-04-01T11:15:33Z,COMPLETED,MOBILE,EUR
O000657,C0059,2026-02-25T01:43:30Z,COMPLETED,MOBILE,EUR
O000658,C0087,2026-04-06T11:14:50Z,COMPLETED,MOBILE,EUR
O000659,C0089,2026-03-19T19:02:40Z,COMPLETED,WEB,EUR
O000660,C0052,2026-06-13T21:27:45Z,COMPLETED,MOBILE,EUR
O000661,C0066,2026-04-05T02:05:12Z,COMPLETED,MOBILE,EUR
O000662,C0030,2026-04-07T13:27:49Z,COMPLETED,WEB,EUR
O000663,C0087,2026-04-07T17:28:36Z,COMPLETED,WEB,EUR
O000664,C0060,2026-06-03T22:23:46Z,COMPLETED,STORE,EUR
O000665,C0041,2026-03-29T09:41:25Z,CANCELLED,MOBILE,EUR
O000666,C0063,2026-03-17T13:14:47Z,COMPLETED,STORE,EUR
O000667,C0049,2026-04-25T18:28:11Z,COMPLETED,MOBILE,EUR
O000668,C0004,2026-04-24T09:29:00Z,COMPLETED,STORE,EUR
O000669,C0032,2026-02-17T10:11:20Z,COMPLETED,MOBILE,EUR
O000670,C0044,2026-01-23T05:28:29Z,COMPLETED,STORE,EUR
O000671,C0061,2026-05-16T03:24:05Z,COMPLETED,MOBILE,EUR
O000672,C0039,2026-04-30T09:18:20Z,COMPLETED,MOBILE,EUR
O000673,C0007,2026-02-21T11:42:44Z,COMPLETED,STORE,EUR
O000674,C0055,2026-04-03T06:54:40Z,COMPLETED,WEB,EUR
O000675,C0066,2026-05-02T08:32:33Z,COMPLETED,STORE,EUR
O000676,C0085,2026-02-11T08:25:55Z,PENDING,STORE,EUR
O000677,C0020,2026-02-16T16:13:25Z,COMPLETED,MOBILE,EUR
O000678,C0031,2026-03-20T19:28:20Z,COMPLETED,WEB,EUR
O000679,C0072,2026-04-05T06:02:44Z,PENDING,MOBILE,EUR
O000680,C0004,2026-01-27T11:48:46Z,COMPLETED,MOBILE,EUR
O000681,C0078,2026-03-02T22:54:08Z,COMPLETED,WEB,EUR
O000682,C0075,2026-06-10T23:20:03Z,CANCELLED,STORE,EUR
O000683,C0096,2026-03-17T17:18:06Z,COMPLETED,MOBILE,EUR
O000684,C0033,2026-03-21T07:10:04Z,CANCELLED,WEB,EUR
O000685,C0092,2026-04-03T06:41:38Z,COMPLETED,MOBILE,EUR
O000686,C0095,2026-06-13T09:32:53Z,COMPLETED,WEB,EUR
O000687,C0069,2026-01-24T16:48:42Z,CANCELLED,MOBILE,EUR
O000688,C0005,2026-03-20T21:26:35Z,COMPLETED,WEB,EUR
O000689,C0078,2026-03-23T17:23:55Z,COMPLETED,STORE,EUR
O000690,C0001,2026-01-27T10:14:08Z,COMPLETED,STORE,EUR
O000691,C0053,2026-05-14T03:50:32Z,COMPLETED,MOBILE,EUR
O000692,C0024,2026-03-13T09:08:17Z,COMPLETED,MOBILE,EUR
O000693,C0026,2026-03-31T19:03:22Z,COMPLETED,WEB,EUR
O000694,C0034,2026-04-27T14:01:58Z,COMPLETED,MOBILE,EUR
O000695,C0059,2026-05-31T04:06:56Z,COMPLETED,MOBILE,EUR
O000696,C0035,2026-06-17T08:54:58Z,COMPLETED,MOBILE,EUR
O000697,C0034,2026-02-26T08:23:49Z,COMPLETED,MOBILE,EUR
O000698,C0042,2026-01-26T20:46:47Z,PENDING,MOBILE,EUR
O000699,C0013,2026-01-15T04:27:49Z,COMPLETED,WEB,EUR
O000700,C0065,2026-02-19T06:07:36Z,COMPLETED,MOBILE,EUR
O000701,C0060,2026-06-20T11:17:43Z,COMPLETED,MOBILE,EUR
O000702,C0098,2026-04-30T00:28:05Z,CANCELLED,STORE,EUR
O000703,C0020,2026-02-06T16:25:50Z,COMPLETED,WEB,EUR
O000704,C0060,2026-05-18T02:01:31Z,COMPLETED,MOBILE,EUR
O000705,C0063,2026-04-19T21:46:17Z,COMPLETED,WEB,EUR
O000706,C0022,2026-06-12T03:09:57Z,COMPLETED,MOBILE,EUR
O000707,C0010,2026-06-28T17:26:11Z,COMPLETED,MOBILE,EUR
O000708,C0088,2026-05-13T07:08:44Z,COMPLETED,MOBILE,EUR
O000709,C0059,2026-01-16T17:46:55Z,COMPLETED,STORE,EUR
O000710,C0073,2026-05-23T14:10:37Z,COMPLETED,WEB,EUR
O000711,C0023,2026-02-19T13:08:59Z,COMPLETED,MOBILE,EUR
O000712,C0100,2026-03-17T10:33:17Z,COMPLETED,STORE,EUR
O000713,C0017,2026-04-28T04:34:38Z,COMPLETED,WEB,EUR
O000714,C0012,2026-03-24T03:39:06Z,COMPLETED,MOBILE,EUR
O000715,C0060,2026-03-08T08:38:47Z,COMPLETED,STORE,EUR
O000716,C0011,2026-03-26T22:13:28Z,CANCELLED,MOBILE,EUR
O000717,C0010,2026-04-17T23:49:10Z,CANCELLED,STORE,EUR
O000718,C0060,2026-01-19T08:19:44Z,COMPLETED,STORE,EUR
O000719,C0024,2026-06-02T15:51:02Z,COMPLETED,WEB,EUR
O000720,C0093,2026-04-25T00:35:21Z,COMPLETED,STORE,EUR
O000721,C0003,2026-04-14T18:22:21Z,COMPLETED,WEB,EUR
O000722,C0052,2026-05-15T08:03:02Z,CANCELLED,STORE,EUR
O000723,C0003,2026-06-08T10:41:15Z,COMPLETED,WEB,EUR
O000724,C0084,2026-01-29T04:28:03Z,COMPLETED,STORE,EUR
O000725,C0015,2026-01-05T05:40:25Z,COMPLETED,WEB,EUR
O000726,C0081,2026-01-20T22:26:48Z,COMPLETED,MOBILE,EUR
O000727,C0079,2026-05-21T16:56:48Z,CANCELLED,MOBILE,EUR
O000728,C0071,2026-03-03T07:58:06Z,COMPLETED,STORE,EUR
O000729,C0057,2026-03-08T18:26:41Z,COMPLETED,WEB,EUR
O000730,C0087,2026-06-11T18:26:15Z,COMPLETED,MOBILE,EUR
O000731,C0013,2026-04-06T13:45:06Z,COMPLETED,MOBILE,EUR
O000732,C0023,2026-01-31T19:09:18Z,COMPLETED,STORE,EUR
O000733,C0080,2026-01-23T03:08:07Z,COMPLETED,STORE,EUR
O000734,C0020,2026-02-21T22:35:58Z,CANCELLED,STORE,EUR
O000735,C0059,2026-06-05T03:32:55Z,PENDING,WEB,EUR
O000736,C0072,2026-06-09T22:18:06Z,COMPLETED,WEB,EUR
O000737,C0091,2026-02-26T17:23:30Z,COMPLETED,STORE,EUR
O000738,C0061,2026-02-17T15:15:20Z,COMPLETED,STORE,EUR
O000739,C0086,2026-05-03T05:24:17Z,COMPLETED,STORE,EUR
O000740,C0067,2026-06-06T13:22:57Z,CANCELLED,WEB,EUR
O000741,C0083,2026-06-29T03:14:58Z,COMPLETED,STORE,EUR
O000742,C0052,2026-03-23T10:06:15Z,CANCELLED,STORE,EUR
O000743,C0058,2026-03-20T10:29:16Z,COMPLETED,STORE,EUR
O000744,C0095,2026-05-20T14:13:34Z,CANCELLED,STORE,EUR
O000745,C0070,2026-01-06T09:58:57Z,COMPLETED,WEB,EUR
O000746,C0046,2026-04-09T13:07:06Z,COMPLETED,STORE,EUR
O000747,C0001,2026-05-24T02:00:37Z,COMPLETED,WEB,EUR
O000748,C0092,2026-01-28T04:18:51Z,COMPLETED,STORE,EUR
O000749,C0013,2026-03-30T05:14:10Z,COMPLETED,MOBILE,EUR
O000750,C0072,2026-04-25T05:23:40Z,COMPLETED,MOBILE,EUR
O000751,C0065,2026-01-29T00:42:07Z,COMPLETED,STORE,EUR
O000752,C0053,2026-04-27T19:39:36Z,COMPLETED,MOBILE,EUR
O000753,C0004,2026-04-05T08:34:37Z,COMPLETED,WEB,EUR
O000754,C0074,2026-04-04T10:26:40Z,COMPLETED,MOBILE,EUR
O000755,C0058,2026-05-10T13:28:26Z,COMPLETED,STORE,EUR
O000756,C0006,2026-04-16T01:13:00Z,PENDING,MOBILE,EUR
O000757,C0011,2026-04-19T14:46:23Z,COMPLETED,STORE,EUR
O000758,C0061,2026-05-26T17:51:23Z,COMPLETED,WEB,EUR
O000759,C0036,2026-01-04T16:25:23Z,COMPLETED,WEB,EUR
O000760,C0004,2026-03-22T13:44:38Z,CANCELLED,MOBILE,EUR
O000761,C0087,2026-03-21T02:02:44Z,COMPLETED,STORE,EUR
O000762,C0042,2026-03-22T03:53:37Z,COMPLETED,WEB,EUR
O000763,C0031,2026-04-24T19:05:36Z,COMPLETED,STORE,EUR
O000764,C0003,2026-02-15T09:18:34Z,COMPLETED,STORE,EUR
O000765,C0017,2026-06-02T11:21:48Z,COMPLETED,MOBILE,EUR
O000766,C0006,2026-03-29T17:16:13Z,COMPLETED,MOBILE,EUR
O000767,C0045,2026-03-15T19:38:37Z,COMPLETED,WEB,EUR
O000768,C0016,2026-05-16T14:54:59Z,COMPLETED,STORE,EUR
O000769,C0035,2026-03-29T21:49:09Z,COMPLETED,MOBILE,EUR
O000770,C0001,2026-04-03T12:47:09Z,CANCELLED,STORE,EUR
O000771,C0084,2026-06-02T21:06:29Z,COMPLETED,STORE,EUR
O000772,C0046,2026-01-24T23:09:30Z,PENDING,MOBILE,EUR
O000773,C0029,2026-01-02T19:38:10Z,COMPLETED,MOBILE,EUR
O000774,C0036,2026-01-08T03:28:55Z,COMPLETED,STORE,EUR
O000775,C0064,2026-04-08T03:41:11Z,COMPLETED,WEB,EUR
O000776,C0073,2026-02-20T09:56:15Z,CANCELLED,STORE,EUR
O000777,C0055,2026-01-01T09:06:38Z,COMPLETED,STORE,EUR
O000778,C0016,2026-02-23T05:05:54Z,COMPLETED,MOBILE,EUR
O000779,C0025,2026-03-18T02:11:41Z,COMPLETED,STORE,EUR
O000780,C0010,2026-03-24T07:08:43Z,CANCELLED,WEB,EUR
O000781,C0056,2026-04-04T04:48:20Z,COMPLETED,STORE,EUR
O000782,C0031,2026-06-04T04:49:33Z,CANCELLED,STORE,EUR
O000783,C0017,2026-01-13T15:03:12Z,COMPLETED,MOBILE,EUR
O000784,C0009,2026-03-25T20:30:56Z,COMPLETED,WEB,EUR
O000785,C0080,2026-01-19T14:36:04Z,COMPLETED,WEB,EUR
O000786,C0055,2026-06-04T09:44:09Z,CANCELLED,STORE,EUR
O000787,C0043,2026-04-11T10:23:12Z,COMPLETED,WEB,EUR
O000788,C0076,2026-01-14T02:46:48Z,COMPLETED,WEB,EUR
O000789,C0080,2026-05-21T16:59:17Z,COMPLETED,WEB,EUR
O000790,C0097,2026-05-07T13:09:55Z,COMPLETED,STORE,EUR
O000791,C0002,2026-03-13T14:52:20Z,COMPLETED,STORE,EUR
O000792,C0026,2026-03-08T18:17:57Z,PENDING,STORE,EUR
O000793,C0060,2026-05-15T08:12:45Z,COMPLETED,MOBILE,EUR
O000794,C0001,2026-02-12T14:30:19Z,COMPLETED,STORE,EUR
O000795,C0043,2026-05-30T04:45:47Z,COMPLETED,MOBILE,EUR
O000796,C0004,2026-03-11T11:52:21Z,COMPLETED,WEB,EUR
O000797,C0023,2026-02-25T04:00:21Z,COMPLETED,MOBILE,EUR
O000798,C0034,2026-02-04T04:34:48Z,CANCELLED,WEB,EUR
O000799,C0031,2026-03-30T14:03:47Z,COMPLETED,MOBILE,EUR
O000800,C0017,2026-01-29T01:06:10Z,COMPLETED,WEB,EUR
O000801,C0020,2026-02-27T02:59:27Z,COMPLETED,WEB,EUR
O000802,C0066,2026-02-02T12:17:48Z,COMPLETED,STORE,EUR
O000803,C0061,2026-04-07T01:53:52Z,COMPLETED,MOBILE,EUR
O000804,C0031,2026-03-29T18:50:44Z,COMPLETED,MOBILE,EUR
O000805,C0030,2026-03-10T06:27:28Z,COMPLETED,MOBILE,EUR
O000806,C0030,2026-03-27T18:25:03Z,COMPLETED,WEB,EUR
O000807,C0010,2026-01-24T00:39:34Z,COMPLETED,STORE,EUR
O000808,C0099,2026-06-08T08:48:26Z,COMPLETED,MOBILE,EUR
O000809,C0099,2026-01-02T15:46:14Z,COMPLETED,MOBILE,EUR
O000810,C0027,2026-05-26T11:13:54Z,COMPLETED,STORE,EUR
O000811,C0072,2026-06-15T15:00:27Z,COMPLETED,WEB,EUR
O000812,C0054,2026-02-13T18:51:45Z,COMPLETED,MOBILE,EUR
O000813,C0078,2026-05-03T07:15:50Z,CANCELLED,STORE,EUR
O000814,C0039,2026-06-23T17:48:29Z,COMPLETED,WEB,EUR
O000815,C0009,2026-02-08T15:24:04Z,CANCELLED,MOBILE,EUR
O000816,C0022,2026-01-03T03:28:59Z,COMPLETED,MOBILE,EUR
O000817,C0091,2026-03-25T22:12:04Z,COMPLETED,WEB,EUR
O000818,C0052,2026-01-13T10:07:19Z,COMPLETED,WEB,EUR
O000819,C0059,2026-05-06T11:58:20Z,COMPLETED,STORE,EUR
O000820,C0085,2026-03-16T16:40:07Z,COMPLETED,STORE,EUR
O000821,C0021,2026-06-21T22:55:26Z,COMPLETED,STORE,EUR
O000822,C0097,2026-01-15T20:40:21Z,COMPLETED,MOBILE,EUR
O000823,C0096,2026-03-08T17:33:39Z,COMPLETED,WEB,EUR
O000824,C0032,2026-05-08T13:56:50Z,COMPLETED,MOBILE,EUR
O000825,C0023,2026-01-20T12:26:03Z,COMPLETED,STORE,EUR
O000826,C0005,2026-05-19T17:24:09Z,CANCELLED,STORE,EUR
O000827,C0092,2026-05-09T15:39:35Z,COMPLETED,WEB,EUR
O000828,C0012,2026-02-08T20:00:03Z,COMPLETED,WEB,EUR
O000829,C0009,2026-05-10T21:31:49Z,COMPLETED,WEB,EUR
O000830,C0042,2026-06-08T09:05:05Z,COMPLETED,STORE,EUR
O000831,C0028,2026-02-15T03:06:01Z,COMPLETED,MOBILE,EUR
O000832,C0029,2026-03-31T02:03:02Z,COMPLETED,MOBILE,EUR
O000833,C0073,2026-04-15T02:47:13Z,COMPLETED,WEB,EUR
O000834,C0009,2026-04-04T14:53:25Z,COMPLETED,STORE,EUR
O000835,C0016,2026-05-28T08:55:17Z,COMPLETED,STORE,EUR
O000836,C0083,2026-02-09T16:30:16Z,COMPLETED,STORE,EUR
O000837,C0094,2026-02-14T11:15:50Z,COMPLETED,WEB,EUR
O000838,C0049,2026-06-19T11:06:13Z,COMPLETED,WEB,EUR
O000839,C0076,2026-02-03T17:23:16Z,COMPLETED,WEB,EUR
O000840,C0093,2026-02-01T21:02:07Z,COMPLETED,MOBILE,EUR
O000841,C0026,2026-05-04T10:07:41Z,COMPLETED,MOBILE,EUR
O000842,C0061,2026-02-02T13:50:47Z,COMPLETED,STORE,EUR
O000843,C0023,2026-05-22T02:25:34Z,COMPLETED,MOBILE,EUR
O000844,C0061,2026-05-19T19:30:17Z,COMPLETED,WEB,EUR
O000845,C0048,2026-05-21T20:21:16Z,COMPLETED,MOBILE,EUR
O000846,C0021,2026-04-20T19:55:37Z,COMPLETED,MOBILE,EUR
O000847,C0084,2026-01-12T04:55:22Z,COMPLETED,MOBILE,EUR
O000848,C0083,2026-05-10T06:16:23Z,COMPLETED,STORE,EUR
O000849,C0076,2026-05-18T02:31:25Z,PENDING,WEB,EUR
O000850,C0085,2026-04-14T12:53:53Z,CANCELLED,STORE,EUR
O000851,C0027,2026-05-26T09:20:06Z,CANCELLED,MOBILE,EUR
O000852,C0084,2026-03-22T22:37:33Z,COMPLETED,MOBILE,EUR
O000853,C0024,2026-04-05T11:07:13Z,COMPLETED,WEB,EUR
O000854,C0082,2026-06-18T14:51:36Z,COMPLETED,MOBILE,EUR
O000855,C0044,2026-01-13T11:29:04Z,COMPLETED,WEB,EUR
O000856,C0001,2026-04-12T10:15:19Z,COMPLETED,STORE,EUR
O000857,C0031,2026-06-08T14:47:01Z,CANCELLED,STORE,EUR
O000858,C0016,2026-04-27T21:06:00Z,CANCELLED,MOBILE,EUR
O000859,C0085,2026-03-22T05:18:34Z,COMPLETED,STORE,EUR
O000860,C0063,2026-04-28T19:43:14Z,COMPLETED,STORE,EUR
O000861,C0090,2026-05-08T20:04:55Z,CANCELLED,STORE,EUR
O000862,C0012,2026-06-04T17:27:14Z,COMPLETED,STORE,EUR
O000863,C0092,2026-03-26T10:45:00Z,COMPLETED,MOBILE,EUR
O000864,C0093,2026-05-04T00:32:54Z,COMPLETED,STORE,EUR
O000865,C0072,2026-05-05T16:24:47Z,PENDING,MOBILE,EUR
O000866,C0044,2026-01-18T07:25:11Z,COMPLETED,WEB,EUR
O000867,C0041,2026-06-15T16:48:26Z,PENDING,STORE,EUR
O000868,C0025,2026-04-15T00:05:27Z,COMPLETED,MOBILE,EUR
O000869,C0002,2026-03-18T18:17:21Z,COMPLETED,MOBILE,EUR
O000870,C0096,2026-01-29T07:48:24Z,COMPLETED,STORE,EUR
O000871,C0089,2026-04-08T13:15:04Z,COMPLETED,STORE,EUR
O000872,C0007,2026-05-23T20:43:46Z,CANCELLED,WEB,EUR
O000873,C0051,2026-05-28T03:12:14Z,COMPLETED,STORE,EUR
O000874,C0007,2026-06-18T03:10:43Z,COMPLETED,STORE,EUR
O000875,C0019,2026-06-24T05:20:21Z,COMPLETED,STORE,EUR
O000876,C0019,2026-05-12T17:11:24Z,COMPLETED,MOBILE,EUR
O000877,C0066,2026-01-23T18:52:33Z,COMPLETED,STORE,EUR
O000878,C0023,2026-04-26T18:17:09Z,COMPLETED,MOBILE,EUR
O000879,C0036,2026-03-16T04:43:09Z,COMPLETED,MOBILE,EUR
O000880,C0074,2026-04-22T06:17:21Z,COMPLETED,STORE,EUR
O000881,C0083,2026-04-05T00:29:44Z,COMPLETED,MOBILE,EUR
O000882,C0090,2026-03-20T16:58:37Z,COMPLETED,STORE,EUR
O000883,C0058,2026-04-18T17:11:26Z,COMPLETED,WEB,EUR
O000884,C0021,2026-05-07T17:31:30Z,COMPLETED,MOBILE,EUR
O000885,C0047,2026-02-27T23:28:26Z,PENDING,WEB,EUR
O000886,C0089,2026-04-06T05:37:45Z,COMPLETED,MOBILE,EUR
O000887,C0039,2026-01-28T12:13:03Z,CANCELLED,WEB,EUR
O000888,C0094,2026-01-25T22:48:59Z,COMPLETED,WEB,EUR
O000889,C0089,2026-03-24T14:14:37Z,COMPLETED,WEB,EUR
O000890,C0083,2026-05-16T07:20:13Z,COMPLETED,MOBILE,EUR
O000891,C0032,2026-04-28T05:00:49Z,COMPLETED,WEB,EUR
O000892,C0043,2026-01-13T19:23:34Z,COMPLETED,MOBILE,EUR
O000893,C0014,2026-03-15T12:33:16Z,COMPLETED,WEB,EUR
O000894,C0045,2026-04-13T17:07:58Z,COMPLETED,MOBILE,EUR
O000895,C0069,2026-05-12T14:49:56Z,COMPLETED,MOBILE,EUR
O000896,C0035,2026-05-23T19:19:00Z,COMPLETED,STORE,EUR
O000897,C0060,2026-06-05T01:08:05Z,COMPLETED,MOBILE,EUR
O000898,C0031,2026-05-22T17:49:39Z,CANCELLED,WEB,EUR
O000899,C0064,2026-06-30T12:11:55Z,COMPLETED,WEB,EUR
O000900,C0079,2026-01-03T16:46:47Z,COMPLETED,STORE,EUR
O000901,C0096,2026-04-14T18:08:02Z,COMPLETED,STORE,EUR
O000902,C0098,2026-05-11T23:30:04Z,COMPLETED,WEB,EUR
O000903,C0064,2026-03-24T02:01:42Z,COMPLETED,MOBILE,EUR
O000904,C0099,2026-06-15T04:54:30Z,CANCELLED,MOBILE,EUR
O000905,C0083,2026-06-30T09:57:42Z,COMPLETED,WEB,EUR
O000906,C0093,2026-03-09T21:49:16Z,COMPLETED,MOBILE,EUR
O000907,C0011,2026-02-08T08:37:25Z,COMPLETED,WEB,EUR
O000908,C0024,2026-06-23T05:55:21Z,COMPLETED,MOBILE,EUR
O000909,C0046,2026-01-28T03:51:43Z,COMPLETED,WEB,EUR
O000910,C0043,2026-05-25T10:56:13Z,CANCELLED,WEB,EUR
O000911,C0064,2026-04-17T19:45:43Z,COMPLETED,STORE,EUR
O000912,C0014,2026-01-22T07:23:30Z,COMPLETED,WEB,EUR
O000913,C0044,2026-05-12T17:09:18Z,COMPLETED,STORE,EUR
O000914,C0063,2026-02-24T19:15:22Z,COMPLETED,MOBILE,EUR
O000915,C0015,2026-05-29T21:12:34Z,CANCELLED,STORE,EUR
O000916,C0065,2026-05-22T20:10:30Z,COMPLETED,WEB,EUR
O000917,C0019,2026-02-07T07:36:41Z,COMPLETED,STORE,EUR
O000918,C0082,2026-05-16T22:58:36Z,PENDING,WEB,EUR
O000919,C0036,2026-03-12T14:23:15Z,CANCELLED,STORE,EUR
O000920,C0078,2026-02-24T09:38:13Z,COMPLETED,WEB,EUR
O000921,C0099,2026-04-18T03:25:34Z,CANCELLED,MOBILE,EUR
O000922,C0027,2026-02-23T14:00:21Z,COMPLETED,WEB,EUR
O000923,C0076,2026-01-08T23:15:19Z,PENDING,STORE,EUR
O000924,C0044,2026-05-01T04:47:50Z,COMPLETED,MOBILE,EUR
O000925,C0071,2026-03-23T05:00:42Z,COMPLETED,STORE,EUR
O000926,C0065,2026-06-30T20:19:23Z,COMPLETED,WEB,EUR
O000927,C0051,2026-06-08T04:00:04Z,COMPLETED,STORE,EUR
O000928,C0072,2026-03-16T14:16:14Z,COMPLETED,MOBILE,EUR
O000929,C0065,2026-03-30T10:30:31Z,COMPLETED,STORE,EUR
O000930,C0031,2026-04-14T14:35:48Z,COMPLETED,STORE,EUR
O000931,C0015,2026-04-14T19:23:34Z,COMPLETED,MOBILE,EUR
O000932,C0008,2026-03-05T00:54:33Z,COMPLETED,WEB,EUR
O000933,C0096,2026-05-21T07:34:13Z,COMPLETED,STORE,EUR
O000934,C0081,2026-04-23T22:44:59Z,COMPLETED,MOBILE,EUR
O000935,C0064,2026-01-19T04:37:55Z,COMPLETED,WEB,EUR
O000936,C0003,2026-02-24T18:25:17Z,COMPLETED,WEB,EUR
O000937,C0068,2026-05-21T15:30:53Z,COMPLETED,WEB,EUR
O000938,C0002,2026-01-22T08:48:09Z,COMPLETED,STORE,EUR
O000939,C0019,2026-02-21T23:22:10Z,CANCELLED,STORE,EUR
O000940,C0044,2026-05-23T22:37:17Z,CANCELLED,WEB,EUR
O000941,C0062,2026-03-06T10:05:47Z,COMPLETED,WEB,EUR
O000942,C0054,2026-04-10T07:57:37Z,COMPLETED,WEB,EUR
O000943,C0046,2026-01-29T14:49:27Z,COMPLETED,WEB,EUR
O000944,C0016,2026-03-06T19:16:12Z,COMPLETED,WEB,EUR
O000945,C0068,2026-03-25T05:33:11Z,COMPLETED,WEB,EUR
O000946,C0092,2026-06-07T10:13:34Z,COMPLETED,WEB,EUR
O000947,C0093,2026-03-28T17:45:05Z,COMPLETED,MOBILE,EUR
O000948,C0036,2026-05-22T02:42:12Z,COMPLETED,MOBILE,EUR
O000949,C0062,2026-03-24T07:12:02Z,COMPLETED,MOBILE,EUR
O000950,C0069,2026-04-06T15:41:20Z,COMPLETED,WEB,EUR
O000951,C0003,2026-02-09T11:21:06Z,COMPLETED,MOBILE,EUR
O000952,C0019,2026-03-31T09:33:55Z,COMPLETED,STORE,EUR
O000953,C0090,2026-01-11T12:02:47Z,COMPLETED,STORE,EUR
O000954,C0019,2026-01-06T20:40:32Z,COMPLETED,WEB,EUR
O000955,C0096,2026-04-02T05:15:44Z,COMPLETED,STORE,EUR
O000956,C0083,2026-01-12T15:37:26Z,COMPLETED,WEB,EUR
O000957,C0034,2026-05-19T03:23:44Z,CANCELLED,STORE,EUR
O000958,C0028,2026-05-25T07:15:32Z,COMPLETED,WEB,EUR
O000959,C0062,2026-04-01T23:04:13Z,COMPLETED,STORE,EUR
O000960,C0043,2026-06-01T05:27:29Z,COMPLETED,MOBILE,EUR
O000961,C0040,2026-05-27T21:38:43Z,COMPLETED,WEB,EUR
O000962,C0073,2026-04-21T16:57:52Z,COMPLETED,MOBILE,EUR
O000963,C0002,2026-03-01T22:12:10Z,PENDING,MOBILE,EUR
O000964,C0013,2026-04-08T18:50:43Z,COMPLETED,WEB,EUR
O000965,C0005,2026-04-24T20:37:38Z,COMPLETED,WEB,EUR
O000966,C0084,2026-04-29T04:55:44Z,COMPLETED,MOBILE,EUR
O000967,C0010,2026-04-28T20:15:07Z,PENDING,STORE,EUR
O000968,C0021,2026-02-27T09:38:02Z,COMPLETED,STORE,EUR
O000969,C0018,2026-06-29T10:54:04Z,CANCELLED,STORE,EUR
O000970,C0011,2026-03-14T13:29:22Z,COMPLETED,STORE,EUR
O000971,C0049,2026-02-26T10:34:35Z,COMPLETED,MOBILE,EUR
O000972,C0012,2026-05-10T22:28:03Z,COMPLETED,MOBILE,EUR
O000973,C0078,2026-03-08T11:48:33Z,COMPLETED,STORE,EUR
O000974,C0100,2026-04-27T17:13:25Z,COMPLETED,MOBILE,EUR
O000975,C0052,2026-02-23T04:29:28Z,COMPLETED,STORE,EUR
O000976,C0045,2026-02-08T13:34:04Z,CANCELLED,MOBILE,EUR
O000977,C0093,2026-01-16T02:36:53Z,COMPLETED,STORE,EUR
O000978,C0064,2026-01-29T15:20:14Z,CANCELLED,WEB,EUR
O000979,C0025,2026-05-25T19:14:56Z,COMPLETED,STORE,EUR
O000980,C0074,2026-05-12T23:17:49Z,PENDING,MOBILE,EUR
O000981,C0046,2026-03-21T16:32:28Z,COMPLETED,STORE,EUR
O000982,C0056,2026-04-16T09:27:30Z,COMPLETED,STORE,EUR
O000983,C0096,2026-04-07T09:24:52Z,COMPLETED,STORE,EUR
O000984,C0005,2026-04-23T20:44:41Z,COMPLETED,MOBILE,EUR
O000985,C0061,2026-02-07T23:22:36Z,PENDING,MOBILE,EUR
O000986,C0040,2026-02-21T08:39:18Z,COMPLETED,MOBILE,EUR
O000987,C0048,2026-06-03T12:02:39Z,COMPLETED,STORE,EUR
O000988,C0051,2026-05-06T03:16:54Z,COMPLETED,STORE,EUR
O000989,C0017,2026-05-18T20:57:20Z,COMPLETED,STORE,EUR
O000990,C0099,2026-05-03T02:51:32Z,COMPLETED,WEB,EUR
O000991,C0094,2026-05-25T03:33:12Z,COMPLETED,MOBILE,EUR
O000992,C0049,2026-06-01T11:11:54Z,COMPLETED,STORE,EUR
O000993,C0003,2026-05-02T20:04:23Z,COMPLETED,STORE,EUR
O000994,C0014,2026-01-24T19:45:01Z,COMPLETED,MOBILE,EUR
O000995,C0003,2026-04-06T08:23:53Z,COMPLETED,MOBILE,EUR
O000996,C0041,2026-06-22T18:21:55Z,COMPLETED,MOBILE,EUR
O000997,C0005,2026-04-28T19:12:59Z,COMPLETED,MOBILE,EUR
O000998,C0078,2026-02-07T10:43:26Z,COMPLETED,WEB,EUR
O000999,C0029,2026-01-27T21:45:35Z,COMPLETED,STORE,EUR
O001000,C0084,2026-04-18T02:09:46Z,COMPLETED,STORE,EUR
