order_id,line_number,product_id,quantity,unit_price,discount_pct
O000001,1,P0025,1,27.90,0
O000001,2,P0002,4,59.90,0
O000001,3,P0008,1,19.90,0
O000002,1,P0021,4,54.90,15
O000002,2,P0016,4,29.90,0
O000003,1,P0024,5,16.90,5
O000003,2,P0019,3,39.90,0
O000003,3,P0014,2,29.90,10
O000004,1,P0021,4,54.90,10
O000004,2,P0006,1,5.90,5
O000005,1,P0018,1,11.90,15
O000005,2,P0001,5,24.90,0
O000005,3,P0022,3,24.90,0
O000006,1,P0017,5,9.90,0
O000006,2,P0025,3,27.90,15
O000006,3,P0006,5,5.90,10
O000007,1,P0020,3,14.90,5
O000008,1,P0002,5,59.90,0
O000008,2,P0008,1,19.90,15
O000009,1,P0005,4,69.90,10
O000009,2,P0022,2,24.90,0
O000010,1,P0023,4,19.90,15
O000010,2,P0010,3,44.90,5
O000011,1,P0003,1,39.90,10
O000011,2,P0011,5,12.90,0
O000012,1,P0008,1,19.90,0
O000013,1,P0022,5,24.90,0
O000013,2,P0016,5,29.90,10
O000013,3,P0007,4,8.90,0
O000014,1,P0004,4,89.90,0
O000015,1,P0022,1,24.90,0
O000016,1,P0007,4,8.90,0
O000016,2,P0018,4,11.90,0
O000017,1,P0018,5,11.90,0
O000017,2,P0004,1,89.90,0
O000017,3,P0002,2,59.90,5
O000017,4,P0021,4,54.90,5
O000018,1,P0001,3,24.90,5
O000018,2,P0013,5,14.90,15
O000018,3,P0009,4,34.90,0
O000018,4,P0015,2,22.90,0
O000019,1,P0024,3,16.90,0
O000020,1,P0002,1,59.90,0
O000020,2,P0017,1,9.90,10
O000021,1,P0019,2,39.90,10
O000022,1,P0009,3,34.90,0
O000022,2,P0007,3,8.90,5
O000022,3,P0022,2,24.90,15
O000023,1,P0015,5,22.90,10
O000024,1,P0005,2,69.90,0
O000024,2,P0012,3,18.90,0
O000024,3,P0003,4,39.90,10
O000025,1,P0022,5,24.90,0
O000026,1,P0004,2,89.90,0
O000026,2,P0024,3,16.90,10
O000026,3,P0018,2,11.90,15
O000027,1,P0009,4,34.90,0
O000027,2,P0002,1,59.90,0
O000027,3,P0003,3,39.90,0
O000027,4,P0021,3,54.90,0
O000028,1,P0004,1,89.90,15
O000029,1,P0014,1,29.90,0
O000029,2,P0005,3,69.90,0
O000030,1,P0012,5,18.90,5
O000031,1,P0006,1,5.90,0
O000031,2,P0014,3,29.90,5
O000032,1,P0006,4,5.90,0
O000032,2,P0023,4,19.90,0
O000032,3,P0004,2,89.90,5
O000033,1,P0001,2,24.90,5
O000033,2,P0022,3,24.90,0
O000034,1,P0021,5,54.90,0
O000034,2,P0017,1,9.90,0
O000034,3,P0013,3,14.90,0
O000035,1,P0012,5,18.90,10
O000035,2,P0024,1,16.90,5
O000035,3,P0011,5,12.90,0
O000035,4,P0014,3,29.90,0
O000036,1,P0012,1,18.90,15
O000036,2,P0014,3,29.90,10
O000037,1,P0017,4,9.90,0
O000037,2,P0010,4,44.90,15
O000037,3,P0022,3,24.90,10
O000038,1,P0020,3,14.90,5
O000038,2,P0019,5,39.90,0
O000039,1,P0015,5,22.90,5
O000039,2,P0022,2,24.90,15
O000039,3,P0007,1,8.90,0
O000040,1,P0025,2,27.90,15
O000041,1,P0002,2,59.90,5
O000042,1,P0023,4,19.90,5
O000042,2,P0013,2,14.90,0
O000043,1,P0008,4,19.90,0
O000043,2,P0006,5,5.90,0
O000043,3,P0023,1,19.90,5
O000043,4,P0017,2,9.90,5
O000044,1,P0025,5,27.90,5
O000044,2,P0015,5,22.90,5
O000044,3,P0020,2,14.90,15
O000045,1,P0025,2,27.90,0
O000045,2,P0017,4,9.90,0
O000045,3,P0016,3,29.90,0
O000046,1,P0005,2,69.90,0
O000047,1,P0014,4,29.90,0
O000048,1,P0013,1,14.90,10
O000048,2,P0025,4,27.90,5
O000048,3,P0019,1,39.90,0
O000048,4,P0023,3,19.90,5
O000049,1,P0016,3,29.90,5
O000049,2,P0008,4,19.90,0
O000050,1,P0015,5,22.90,10
O000050,2,P0005,1,69.90,5
O000051,1,P0005,3,69.90,5
O000051,2,P0015,3,22.90,0
O000051,3,P0006,4,5.90,0
O000051,4,P0002,3,59.90,5
O000052,1,P0003,5,39.90,0
O000052,2,P0016,3,29.90,0
O000052,3,P0001,1,24.90,15
O000053,1,P0001,2,24.90,0
O000053,2,P0020,2,14.90,5
O000054,1,P0023,2,19.90,10
O000054,2,P0009,5,34.90,15
O000054,3,P0025,1,27.90,0
O000054,4,P0012,3,18.90,0
O000055,1,P0013,5,14.90,15
O000055,2,P0023,2,19.90,0
O000055,3,P0007,3,8.90,15
O000055,4,P0003,5,39.90,0
O000056,1,P0022,3,24.90,0
O000056,2,P0012,4,18.90,5
O000056,3,P0003,1,39.90,5
O000056,4,P0017,3,9.90,15
O000057,1,P0024,3,16.90,10
O000057,2,P0017,5,9.90,5
O000058,1,P0011,3,12.90,5
O000058,2,P0008,2,19.90,5
O000058,3,P0003,5,39.90,10
O000059,1,P0006,3,5.90,0
O000059,2,P0016,3,29.90,0
O000059,3,P0007,5,8.90,15
O000060,1,P0003,4,39.90,5
O000060,2,P0008,5,19.90,0
O000061,1,P0001,4,24.90,15
O000061,2,P0003,2,39.90,0
O000061,3,P0010,5,44.90,0
O000061,4,P0008,4,19.90,10
O000062,1,P0012,3,18.90,0
O000062,2,P0023,3,19.90,0
O000062,3,P0015,1,22.90,15
O000063,1,P0007,4,8.90,0
O000063,2,P0024,5,16.90,10
O000064,1,P0008,3,19.90,0
O000064,2,P0012,5,18.90,0
O000064,3,P0006,3,5.90,0
O000065,1,P0004,4,89.90,5
O000065,2,P0001,4,24.90,0
O000065,3,P0019,2,39.90,0
O000065,4,P0010,3,44.90,5
O000066,1,P0005,2,69.90,10
O000067,1,P0020,4,14.90,5
O000067,2,P0008,4,19.90,0
O000067,3,P0025,5,27.90,5
O000067,4,P0017,3,9.90,10
O000068,1,P0025,2,27.90,15
O000069,1,P0006,1,5.90,0
O000069,2,P0018,1,11.90,5
O000070,1,P0008,3,19.90,15
O000071,1,P0009,5,34.90,15
O000071,2,P0021,2,54.90,5
O000072,1,P0005,2,69.90,0
O000072,2,P0003,5,39.90,15
O000072,3,P0002,5,59.90,0
O000073,1,P0009,4,34.90,0
O000073,2,P0017,5,9.90,0
O000073,3,P0018,4,11.90,15
O000073,4,P0016,3,29.90,10
O000074,1,P0025,3,27.90,10
O000075,1,P0009,4,34.90,0
O000075,2,P0006,4,5.90,0
O000075,3,P0019,4,39.90,0
O000075,4,P0014,3,29.90,15
O000076,1,P0010,5,44.90,0
O000076,2,P0022,4,24.90,0
O000076,3,P0013,3,14.90,0
O000076,4,P0025,3,27.90,0
O000077,1,P0014,3,29.90,10
O000077,2,P0002,4,59.90,15
O000077,3,P0007,4,8.90,0
O000077,4,P0017,2,9.90,0
O000078,1,P0004,2,89.90,15
O000078,2,P0001,2,24.90,0
O000078,3,P0021,5,54.90,0
O000078,4,P0020,5,14.90,5
O000079,1,P0004,3,89.90,10
O000079,2,P0021,3,54.90,5
O000079,3,P0005,4,69.90,5
O000079,4,P0016,2,29.90,5
O000080,1,P0003,4,39.90,0
O000080,2,P0009,5,34.90,0
O000081,1,P0005,3,69.90,0
O000081,2,P0015,5,22.90,10
O000081,3,P0018,4,11.90,5
O000081,4,P0016,3,29.90,0
O000082,1,P0002,4,59.90,5
O000082,2,P0011,2,12.90,5
O000082,3,P0024,1,16.90,0
O000082,4,P0016,5,29.90,10
O000083,1,P0017,4,9.90,0
O000084,1,P0003,3,39.90,0
O000084,2,P0016,5,29.90,15
O000085,1,P0011,4,12.90,10
O000085,2,P0021,1,54.90,10
O000085,3,P0023,1,19.90,0
O000085,4,P0025,3,27.90,0
O000086,1,P0015,2,22.90,15
O000087,1,P0012,2,18.90,10
O000087,2,P0014,4,29.90,10
O000087,3,P0005,2,69.90,0
O000088,1,P0016,2,29.90,0
O000088,2,P0019,4,39.90,15
O000089,1,P0010,1,44.90,5
O000089,2,P0022,3,24.90,10
O000089,3,P0018,3,11.90,15
O000089,4,P0006,4,5.90,15
O000090,1,P0016,5,29.90,0
O000090,2,P0004,5,89.90,0
O000090,3,P0008,3,19.90,0
O000090,4,P0013,4,14.90,0
O000091,1,P0020,4,14.90,0
O000092,1,P0021,5,54.90,0
O000092,2,P0007,2,8.90,15
O000093,1,P0002,2,59.90,0
O000093,2,P0019,3,39.90,0
O000093,3,P0012,4,18.90,0
O000093,4,P0024,2,16.90,0
O000094,1,P0006,3,5.90,15
O000094,2,P0009,3,34.90,0
O000094,3,P0016,4,29.90,0
O000095,1,P0018,1,11.90,0
O000095,2,P0012,5,18.90,0
O000095,3,P0003,4,39.90,0
O000095,4,P0013,3,14.90,10
O000096,1,P0016,5,29.90,10
O000096,2,P0001,3,24.90,10
O000097,1,P0021,2,54.90,0
O000097,2,P0014,1,29.90,0
O000097,3,P0004,4,89.90,0
O000098,1,P0015,5,22.90,5
O000098,2,P0012,5,18.90,15
O000098,3,P0022,2,24.90,5
O000098,4,P0024,1,16.90,5
O000099,1,P0023,3,19.90,0
O000100,1,P0022,3,24.90,10
O000101,1,P0007,1,8.90,15
O000101,2,P0004,2,89.90,15
O000101,3,P0015,5,22.90,0
O000102,1,P0003,5,39.90,0
O000102,2,P0025,5,27.90,0
O000103,1,P0009,2,34.90,0
O000104,1,P0005,1,69.90,0
O000105,1,P0009,2,34.90,15
O000105,2,P0002,4,59.90,10
O000106,1,P0017,4,9.90,10
O000106,2,P0019,2,39.90,10
O000106,3,P0004,1,89.90,15
O000107,1,P0002,4,59.90,5
O000108,1,P0003,1,39.90,0
O000108,2,P0011,3,12.90,10
O000108,3,P0020,5,14.90,10
O000108,4,P0005,3,69.90,5
O000109,1,P0004,5,89.90,15
O000109,2,P0023,2,19.90,5
O000109,3,P0021,4,54.90,0
O000109,4,P0025,4,27.90,0
O000110,1,P0011,4,12.90,0
O000111,1,P0003,3,39.90,0
O000111,2,P0014,5,29.90,0
O000111,3,P0004,5,89.90,10
O000111,4,P0024,5,16.90,0
O000112,1,P0024,3,16.90,0
O000112,2,P0002,1,59.90,10
O000112,3,P0010,5,44.90,0
O000112,4,P0020,2,14.90,15
O000113,1,P0004,5,89.90,0
O000113,2,P0025,4,27.90,10
O000113,3,P0009,5,34.90,10
O000114,1,P0001,3,24.90,0
O000114,2,P0006,3,5.90,0
O000114,3,P0009,2,34.90,0
O000115,1,P0003,5,39.90,0
O000116,1,P0010,5,44.90,10
O000116,2,P0024,1,16.90,0
O000116,3,P0011,2,12.90,0
O000117,1,P0015,4,22.90,10
O000117,2,P0022,4,24.90,5
O000117,3,P0014,3,29.90,0
O000118,1,P0010,5,44.90,5
O000119,1,P0020,3,14.90,0
O000119,2,P0002,2,59.90,0
O000119,3,P0001,3,24.90,0
O000119,4,P0007,1,8.90,0
O000120,1,P0018,5,11.90,15
O000120,2,P0023,3,19.90,0
O000120,3,P0008,4,19.90,15
O000120,4,P0017,1,9.90,5
O000121,1,P0019,4,39.90,0
O000121,2,P0013,1,14.90,5
O000121,3,P0023,1,19.90,0
O000121,4,P0021,2,54.90,10
O000122,1,P0004,4,89.90,10
O000122,2,P0008,1,19.90,5
O000122,3,P0014,3,29.90,15
O000122,4,P0019,3,39.90,0
O000123,1,P0017,5,9.90,0
O000124,1,P0008,2,19.90,0
O000124,2,P0004,2,89.90,0
O000125,1,P0006,4,5.90,5
O000126,1,P0021,4,54.90,0
O000126,2,P0011,4,12.90,5
O000126,3,P0005,3,69.90,0
O000127,1,P0015,3,22.90,0
O000127,2,P0002,1,59.90,10
O000127,3,P0012,5,18.90,10
O000128,1,P0015,5,22.90,15
O000129,1,P0002,1,59.90,0
O000129,2,P0015,1,22.90,10
O000130,1,P0015,3,22.90,0
O000130,2,P0017,3,9.90,5
O000130,3,P0020,4,14.90,0
O000130,4,P0006,5,5.90,0
O000131,1,P0004,4,89.90,0
O000131,2,P0018,3,11.90,15
O000131,3,P0022,5,24.90,0
O000132,1,P0010,4,44.90,0
O000132,2,P0021,5,54.90,15
O000132,3,P0023,1,19.90,0
O000133,1,P0022,5,24.90,0
O000133,2,P0023,4,19.90,10
O000134,1,P0011,4,12.90,0
O000134,2,P0025,2,27.90,0
O000135,1,P0022,3,24.90,10
O000136,1,P0023,5,19.90,0
O000136,2,P0025,4,27.90,0
O000137,1,P0020,4,14.90,0
O000137,2,P0010,5,44.90,0
O000137,3,P0025,3,27.90,5
O000137,4,P0024,2,16.90,0
O000138,1,P0025,5,27.90,5
O000138,2,P0013,2,14.90,0
O000138,3,P0017,5,9.90,0
O000139,1,P0018,5,11.90,0
O000139,2,P0004,3,89.90,0
O000139,3,P0023,2,19.90,0
O000140,1,P0008,4,19.90,0
O000141,1,P0008,3,19.90,0
O000141,2,P0013,1,14.90,0
O000141,3,P0003,1,39.90,15
O000142,1,P0010,4,44.90,15
O000143,1,P0020,2,14.90,0
O000143,2,P0001,5,24.90,15
O000143,3,P0003,5,39.90,10
O000143,4,P0009,4,34.90,0
O000144,1,P0008,4,19.90,15
O000145,1,P0020,5,14.90,10
O000145,2,P0018,2,11.90,15
O000145,3,P0001,2,24.90,0
O000145,4,P0021,4,54.90,0
O000146,1,P0022,5,24.90,0
O000146,2,P0003,1,39.90,10
O000147,1,P0013,4,14.90,0
O000148,1,P0012,1,18.90,0
O000149,1,P0005,5,69.90,0
O000149,2,P0002,2,59.90,15
O000149,3,P0012,4,18.90,15
O000150,1,P0023,4,19.90,0
O000151,1,P0011,3,12.90,10
O000152,1,P0010,1,44.90,15
O000152,2,P0012,3,18.90,0
O000153,1,P0013,4,14.90,0
O000153,2,P0011,5,12.90,0
O000153,3,P0006,1,5.90,15
O000153,4,P0016,4,29.90,0
O000154,1,P0011,3,12.90,15
O000154,2,P0004,3,89.90,0
O000154,3,P0003,4,39.90,10
O000155,1,P0015,3,22.90,10
O000155,2,P0002,4,59.90,0
O000155,3,P0024,1,16.90,0
O000156,1,P0001,5,24.90,15
O000156,2,P0005,4,69.90,0
O000157,1,P0012,1,18.90,10
O000157,2,P0013,2,14.90,15
O000157,3,P0019,4,39.90,0
O000158,1,P0017,4,9.90,0
O000158,2,P0012,3,18.90,0
O000159,1,P0018,3,11.90,15
O000159,2,P0004,4,89.90,0
O000159,3,P0009,5,34.90,0
O000159,4,P0025,4,27.90,0
O000160,1,P0023,1,19.90,15
O000160,2,P0015,3,22.90,15
O000161,1,P0010,2,44.90,0
O000161,2,P0006,5,5.90,0
O000161,3,P0023,1,19.90,0
O000162,1,P0012,5,18.90,10
O000163,1,P0020,1,14.90,0
O000163,2,P0003,4,39.90,15
O000164,1,P0005,3,69.90,15
O000165,1,P0005,5,69.90,0
O000165,2,P0025,2,27.90,5
O000165,3,P0018,5,11.90,0
O000166,1,P0006,2,5.90,0
O000166,2,P0011,5,12.90,0
O000167,1,P0005,5,69.90,10
O000167,2,P0021,1,54.90,10
O000167,3,P0010,2,44.90,10
O000168,1,P0019,1,39.90,0
O000168,2,P0002,5,59.90,0
O000168,3,P0001,2,24.90,10
O000169,1,P0021,2,54.90,15
O000169,2,P0010,4,44.90,0
O000169,3,P0016,4,29.90,0
O000170,1,P0015,2,22.90,0
O000170,2,P0007,3,8.90,15
O000170,3,P0011,3,12.90,5
O000170,4,P0020,2,14.90,0
O000171,1,P0004,2,89.90,0
O000171,2,P0009,1,34.90,0
O000171,3,P0015,4,22.90,10
O000171,4,P0008,4,19.90,0
O000172,1,P0007,4,8.90,10
O000172,2,P0025,4,27.90,5
O000172,3,P0006,3,5.90,5
O000173,1,P0008,1,19.90,0
O000173,2,P0007,3,8.90,5
O000173,3,P0019,5,39.90,15
O000173,4,P0012,4,18.90,0
O000174,1,P0009,3,34.90,5
O000174,2,P0024,3,16.90,0
O000175,1,P0018,4,11.90,10
O000175,2,P0010,4,44.90,10
O000175,3,P0003,3,39.90,10
O000176,1,P0012,2,18.90,0
O000176,2,P0011,5,12.90,10
O000176,3,P0018,4,11.90,10
O000176,4,P0025,1,27.90,0
O000177,1,P0005,5,69.90,0
O000177,2,P0020,2,14.90,5
O000177,3,P0017,5,9.90,15
O000177,4,P0011,3,12.90,10
O000178,1,P0023,1,19.90,0
O000178,2,P0019,3,39.90,15
O000178,3,P0010,1,44.90,5
O000178,4,P0016,5,29.90,0
O000179,1,P0020,4,14.90,0
O000180,1,P0019,4,39.90,0
O000181,1,P0022,1,24.90,10
O000181,2,P0008,1,19.90,0
O000182,1,P0023,5,19.90,5
O000182,2,P0007,1,8.90,15
O000182,3,P0014,2,29.90,10
O000182,4,P0017,2,9.90,10
O000183,1,P0006,3,5.90,10
O000183,2,P0015,3,22.90,15
O000183,3,P0018,3,11.90,10
O000184,1,P0008,3,19.90,15
O000184,2,P0010,2,44.90,15
O000184,3,P0025,4,27.90,0
O000185,1,P0010,5,44.90,5
O000185,2,P0004,4,89.90,0
O000185,3,P0019,2,39.90,0
O000186,1,P0015,4,22.90,0
O000186,2,P0021,2,54.90,10
O000186,3,P0009,3,34.90,10
O000187,1,P0008,5,19.90,0
O000187,2,P0002,2,59.90,0
O000188,1,P0022,2,24.90,0
O000189,1,P0021,3,54.90,0
O000189,2,P0007,1,8.90,0
O000189,3,P0025,5,27.90,0
O000189,4,P0010,5,44.90,15
O000190,1,P0006,2,5.90,15
O000190,2,P0002,3,59.90,0
O000190,3,P0013,1,14.90,0
O000190,4,P0016,5,29.90,10
O000191,1,P0005,2,69.90,0
O000191,2,P0017,3,9.90,0
O000191,3,P0015,4,22.90,15
O000191,4,P0009,3,34.90,15
O000192,1,P0006,4,5.90,5
O000192,2,P0020,5,14.90,0
O000193,1,P0016,2,29.90,0
O000193,2,P0011,3,12.90,5
O000194,1,P0019,3,39.90,15
O000194,2,P0024,3,16.90,15
O000194,3,P0001,2,24.90,0
O000195,1,P0022,3,24.90,15
O000195,2,P0017,1,9.90,15
O000195,3,P0023,3,19.90,0
O000195,4,P0025,5,27.90,0
O000196,1,P0014,4,29.90,10
O000196,2,P0023,2,19.90,0
O000196,3,P0018,5,11.90,0
O000197,1,P0019,1,39.90,0
O000198,1,P0006,5,5.90,5
O000198,2,P0011,1,12.90,15
O000199,1,P0002,4,59.90,5
O000199,2,P0015,5,22.90,0
O000199,3,P0005,5,69.90,5
O000199,4,P0017,3,9.90,15
O000200,1,P0019,1,39.90,5
O000200,2,P0003,3,39.90,15
O000201,1,P0002,2,59.90,15
O000201,2,P0010,4,44.90,0
O000201,3,P0014,4,29.90,5
O000201,4,P0006,4,5.90,5
O000202,1,P0021,1,54.90,0
O000202,2,P0012,5,18.90,5
O000203,1,P0025,1,27.90,0
O000204,1,P0008,3,19.90,0
O000204,2,P0015,1,22.90,0
O000204,3,P0012,4,18.90,10
O000204,4,P0005,1,69.90,0
O000205,1,P0020,2,14.90,15
O000205,2,P0022,1,24.90,5
O000205,3,P0023,4,19.90,0
O000205,4,P0002,5,59.90,0
O000206,1,P0008,3,19.90,10
O000206,2,P0024,5,16.90,15
O000206,3,P0019,3,39.90,0
O000207,1,P0014,3,29.90,0
O000207,2,P0010,5,44.90,10
O000208,1,P0018,4,11.90,10
O000208,2,P0016,3,29.90,15
O000208,3,P0002,4,59.90,5
O000208,4,P0012,2,18.90,0
O000209,1,P0008,2,19.90,5
O000209,2,P0010,1,44.90,10
O000210,1,P0008,1,19.90,5
O000210,2,P0009,3,34.90,0
O000210,3,P0007,5,8.90,15
O000210,4,P0011,2,12.90,0
O000211,1,P0003,2,39.90,10
O000212,1,P0011,1,12.90,0
O000212,2,P0010,2,44.90,15
O000213,1,P0023,2,19.90,5
O000213,2,P0020,2,14.90,10
O000214,1,P0010,5,44.90,5
O000214,2,P0009,4,34.90,0
O000214,3,P0012,4,18.90,0
O000215,1,P0019,2,39.90,15
O000216,1,P0010,2,44.90,5
O000216,2,P0005,5,69.90,0
O000216,3,P0007,4,8.90,10
O000216,4,P0011,3,12.90,0
O000217,1,P0015,2,22.90,0
O000217,2,P0006,5,5.90,5
O000217,3,P0024,2,16.90,10
O000217,4,P0012,1,18.90,10
O000218,1,P0025,1,27.90,5
O000219,1,P0001,5,24.90,5
O000219,2,P0007,3,8.90,0
O000220,1,P0022,5,24.90,5
O000220,2,P0016,1,29.90,0
O000220,3,P0001,5,24.90,15
O000220,4,P0018,3,11.90,10
O000221,1,P0006,2,5.90,0
O000221,2,P0004,5,89.90,10
O000221,3,P0017,3,9.90,0
O000221,4,P0005,3,69.90,5
O000222,1,P0023,3,19.90,15
O000222,2,P0008,1,19.90,15
O000223,1,P0013,1,14.90,15
O000223,2,P0018,2,11.90,0
O000223,3,P0016,4,29.90,5
O000223,4,P0002,3,59.90,10
O000224,1,P0007,5,8.90,5
O000224,2,P0023,3,19.90,0
O000225,1,P0006,3,5.90,0
O000226,1,P0003,2,39.90,10
O000226,2,P0010,4,44.90,15
O000226,3,P0006,5,5.90,0
O000226,4,P0019,4,39.90,15
O000227,1,P0002,2,59.90,0
O000227,2,P0004,3,89.90,10
O000227,3,P0014,5,29.90,10
O000228,1,P0015,3,22.90,10
O000228,2,P0016,4,29.90,5
O000228,3,P0008,2,19.90,15
O000229,1,P0008,1,19.90,0
O000229,2,P0023,2,19.90,5
O000229,3,P0003,2,39.90,15
O000230,1,P0010,4,44.90,0
O000231,1,P0014,5,29.90,10
O000231,2,P0015,5,22.90,5
O000232,1,P0020,5,14.90,0
O000233,1,P0025,2,27.90,10
O000233,2,P0003,5,39.90,0
O000233,3,P0024,4,16.90,0
O000233,4,P0018,2,11.90,0
O000234,1,P0014,4,29.90,0
O000234,2,P0009,4,34.90,0
O000235,1,P0020,2,14.90,0
O000235,2,P0007,1,8.90,5
O000235,3,P0015,3,22.90,10
O000235,4,P0004,4,89.90,0
O000236,1,P0010,5,44.90,15
O000236,2,P0011,2,12.90,5
O000237,1,P0024,4,16.90,10
O000237,2,P0023,2,19.90,0
O000237,3,P0021,4,54.90,0
O000238,1,P0019,2,39.90,15
O000238,2,P0018,5,11.90,0
O000239,1,P0010,4,44.90,0
O000239,2,P0023,3,19.90,0
O000239,3,P0003,3,39.90,15
O000239,4,P0014,2,29.90,15
O000240,1,P0019,4,39.90,10
O000240,2,P0013,1,14.90,0
O000240,3,P0018,5,11.90,10
O000240,4,P0017,1,9.90,0
O000241,1,P0021,1,54.90,10
O000241,2,P0020,4,14.90,0
O000242,1,P0008,5,19.90,10
O000242,2,P0017,5,9.90,15
O000242,3,P0024,5,16.90,0
O000243,1,P0012,4,18.90,0
O000243,2,P0001,3,24.90,5
O000244,1,P0012,3,18.90,5
O000244,2,P0010,2,44.90,10
O000245,1,P0011,1,12.90,0
O000245,2,P0003,3,39.90,15
O000245,3,P0010,1,44.90,15
O000245,4,P0002,2,59.90,15
O000246,1,P0018,2,11.90,5
O000246,2,P0014,2,29.90,0
O000246,3,P0015,4,22.90,5
O000247,1,P0019,2,39.90,0
O000247,2,P0014,3,29.90,15
O000247,3,P0013,1,14.90,10
O000247,4,P0001,1,24.90,10
O000248,1,P0009,4,34.90,10
O000249,1,P0019,5,39.90,0
O000249,2,P0004,3,89.90,10
O000249,3,P0012,5,18.90,0
O000249,4,P0015,2,22.90,0
O000250,1,P0023,4,19.90,5
O000250,2,P0005,5,69.90,0
O000250,3,P0017,5,9.90,5
O000251,1,P0018,4,11.90,0
O000251,2,P0006,2,5.90,0
O000252,1,P0016,2,29.90,0
O000253,1,P0014,4,29.90,5
O000253,2,P0022,2,24.90,0
O000253,3,P0016,5,29.90,0
O000253,4,P0023,2,19.90,0
O000254,1,P0025,5,27.90,15
O000254,2,P0015,4,22.90,10
O000255,1,P0018,4,11.90,10
O000255,2,P0025,2,27.90,5
O000255,3,P0002,1,59.90,15
O000256,1,P0015,3,22.90,0
O000257,1,P0007,5,8.90,15
O000257,2,P0024,3,16.90,15
O000258,1,P0007,5,8.90,0
O000258,2,P0002,5,59.90,0
O000259,1,P0010,5,44.90,15
O000259,2,P0019,1,39.90,0
O000259,3,P0009,4,34.90,0
O000260,1,P0005,3,69.90,0
O000260,2,P0023,4,19.90,5
O000261,1,P0013,1,14.90,5
O000261,2,P0015,5,22.90,15
O000261,3,P0003,3,39.90,15
O000261,4,P0021,3,54.90,5
O000262,1,P0024,4,16.90,15
O000263,1,P0007,3,8.90,0
O000263,2,P0014,3,29.90,10
O000263,3,P0016,5,29.90,0
O000263,4,P0009,5,34.90,5
O000264,1,P0004,4,89.90,0
O000265,1,P0007,3,8.90,0
O000265,2,P0023,3,19.90,0
O000265,3,P0005,3,69.90,0
O000265,4,P0021,1,54.90,0
O000266,1,P0024,2,16.90,5
O000266,2,P0023,1,19.90,15
O000266,3,P0025,1,27.90,0
O000267,1,P0017,4,9.90,0
O000267,2,P0022,1,24.90,15
O000268,1,P0016,2,29.90,5
O000268,2,P0003,1,39.90,15
O000269,1,P0005,2,69.90,15
O000269,2,P0013,2,14.90,0
O000269,3,P0025,5,27.90,10
O000270,1,P0024,2,16.90,5
O000270,2,P0007,5,8.90,15
O000270,3,P0021,4,54.90,0
O000271,1,P0012,2,18.90,0
O000271,2,P0014,1,29.90,0
O000271,3,P0011,5,12.90,10
O000271,4,P0005,5,69.90,15
O000272,1,P0022,3,24.90,0
O000273,1,P0010,4,44.90,5
O000273,2,P0021,1,54.90,0
O000273,3,P0002,4,59.90,15
O000273,4,P0008,5,19.90,0
O000274,1,P0013,4,14.90,0
O000274,2,P0019,5,39.90,15
O000275,1,P0019,1,39.90,0
O000276,1,P0017,5,9.90,5
O000276,2,P0010,4,44.90,15
O000276,3,P0021,4,54.90,0
O000276,4,P0023,5,19.90,10
O000277,1,P0017,2,9.90,0
O000278,1,P0010,4,44.90,15
O000279,1,P0004,3,89.90,15
O000279,2,P0015,2,22.90,0
O000279,3,P0020,1,14.90,15
O000279,4,P0002,2,59.90,15
O000280,1,P0006,3,5.90,15
O000280,2,P0012,1,18.90,0
O000280,3,P0005,3,69.90,5
O000281,1,P0016,4,29.90,10
O000282,1,P0012,3,18.90,0
O000282,2,P0006,5,5.90,15
O000283,1,P0002,1,59.90,0
O000284,1,P0002,4,59.90,0
O000284,2,P0018,3,11.90,0
O000285,1,P0004,1,89.90,0
O000285,2,P0017,2,9.90,10
O000285,3,P0022,1,24.90,5
O000286,1,P0003,1,39.90,0
O000286,2,P0018,2,11.90,0
O000286,3,P0015,5,22.90,0
O000287,1,P0025,2,27.90,0
O000287,2,P0007,1,8.90,5
O000287,3,P0024,1,16.90,0
O000287,4,P0018,5,11.90,0
O000288,1,P0025,4,27.90,15
O000289,1,P0014,1,29.90,0
O000289,2,P0016,3,29.90,0
O000290,1,P0023,1,19.90,10
O000290,2,P0012,1,18.90,10
O000290,3,P0015,2,22.90,15
O000290,4,P0024,4,16.90,0
O000291,1,P0008,3,19.90,0
O000291,2,P0010,4,44.90,15
O000292,1,P0008,2,19.90,10
O000292,2,P0003,1,39.90,0
O000292,3,P0007,1,8.90,0
O000293,1,P0025,3,27.90,5
O000293,2,P0007,3,8.90,0
O000293,3,P0015,1,22.90,0
O000294,1,P0007,3,8.90,0
O000295,1,P0017,3,9.90,0
O000295,2,P0002,1,59.90,5
O000295,3,P0022,4,24.90,10
O000295,4,P0010,5,44.90,0
O000296,1,P0001,1,24.90,0
O000297,1,P0019,5,39.90,0
O000298,1,P0021,2,54.90,0
O000298,2,P0015,3,22.90,0
O000299,1,P0024,4,16.90,15
O000299,2,P0013,4,14.90,0
O000299,3,P0016,3,29.90,0
O000299,4,P0001,2,24.90,0
O000300,1,P0021,4,54.90,5
O000300,2,P0010,5,44.90,5
O000301,1,P0007,5,8.90,0
O000301,2,P0021,4,54.90,15
O000301,3,P0017,3,9.90,5
O000301,4,P0008,5,19.90,5
O000302,1,P0006,5,5.90,0
O000302,2,P0001,1,24.90,0
O000302,3,P0011,1,12.90,5
O000303,1,P0004,2,89.90,0
O000303,2,P0008,5,19.90,15
O000304,1,P0012,3,18.90,15
O000304,2,P0006,3,5.90,10
O000304,3,P0008,1,19.90,15
O000304,4,P0019,3,39.90,10
O000305,1,P0018,1,11.90,0
O000305,2,P0010,1,44.90,0
O000305,3,P0006,5,5.90,0
O000305,4,P0016,1,29.90,10
O000306,1,P0005,2,69.90,0
O000306,2,P0011,1,12.90,0
O000307,1,P0017,3,9.90,0
O000308,1,P0011,3,12.90,0
O000309,1,P0021,5,54.90,15
O000309,2,P0011,5,12.90,0
O000309,3,P0006,2,5.90,15
O000309,4,P0023,5,19.90,0
O000310,1,P0006,1,5.90,15
O000310,2,P0024,5,16.90,5
O000311,1,P0020,5,14.90,0
O000311,2,P0011,5,12.90,0
O000312,1,P0012,2,18.90,15
O000312,2,P0011,1,12.90,15
O000313,1,P0001,1,24.90,0
O000313,2,P0009,3,34.90,0
O000313,3,P0007,1,8.90,0
O000313,4,P0008,4,19.90,5
O000314,1,P0013,4,14.90,10
O000314,2,P0012,2,18.90,0
O000314,3,P0018,4,11.90,0
O000314,4,P0004,1,89.90,0
O000315,1,P0011,2,12.90,5
O000316,1,P0020,1,14.90,5
O000316,2,P0016,2,29.90,10
O000316,3,P0023,4,19.90,0
O000317,1,P0023,3,19.90,0
O000317,2,P0018,2,11.90,0
O000317,3,P0024,1,16.90,5
O000317,4,P0009,5,34.90,10
O000318,1,P0014,1,29.90,0
O000319,1,P0004,2,89.90,0
O000319,2,P0001,3,24.90,0
O000320,1,P0016,5,29.90,5
O000320,2,P0022,2,24.90,0
O000320,3,P0009,4,34.90,0
O000320,4,P0003,2,39.90,5
O000321,1,P0009,1,34.90,0
O000321,2,P0019,1,39.90,0
O000322,1,P0018,4,11.90,10
O000322,2,P0002,4,59.90,10
O000323,1,P0010,1,44.90,10
O000323,2,P0003,5,39.90,10
O000323,3,P0013,5,14.90,15
O000323,4,P0023,5,19.90,0
O000324,1,P0007,1,8.90,5
O000324,2,P0005,1,69.90,15
O000325,1,P0020,3,14.90,15
O000325,2,P0009,1,34.90,0
O000326,1,P0017,5,9.90,10
O000326,2,P0015,5,22.90,5
O000326,3,P0001,1,24.90,5
O000327,1,P0004,5,89.90,0
O000328,1,P0009,5,34.90,10
O000328,2,P0013,4,14.90,0
O000328,3,P0021,2,54.90,0
O000328,4,P0016,4,29.90,0
O000329,1,P0013,3,14.90,15
O000330,1,P0001,3,24.90,0
O000330,2,P0011,4,12.90,15
O000330,3,P0010,1,44.90,0
O000331,1,P0009,5,34.90,15
O000331,2,P0024,1,16.90,0
O000331,3,P0014,4,29.90,0
O000332,1,P0002,1,59.90,0
O000332,2,P0017,5,9.90,5
O000332,3,P0006,2,5.90,10
O000333,1,P0002,1,59.90,5
O000333,2,P0008,1,19.90,0
O000334,1,P0021,2,54.90,0
O000334,2,P0004,4,89.90,10
O000334,3,P0022,4,24.90,0
O000334,4,P0001,4,24.90,10
O000335,1,P0010,1,44.90,5
O000336,1,P0021,2,54.90,0
O000336,2,P0008,4,19.90,10
O000337,1,P0016,2,29.90,15
O000338,1,P0020,3,14.90,5
O000338,2,P0010,4,44.90,0
O000338,3,P0023,4,19.90,0
O000339,1,P0019,3,39.90,10
O000339,2,P0004,5,89.90,10
O000339,3,P0001,3,24.90,0
O000339,4,P0017,1,9.90,5
O000340,1,P0009,3,34.90,0
O000340,2,P0021,2,54.90,10
O000340,3,P0023,2,19.90,0
O000341,1,P0024,4,16.90,0
O000341,2,P0001,3,24.90,5
O000342,1,P0011,2,12.90,15
O000342,2,P0024,5,16.90,15
O000343,1,P0017,5,9.90,0
O000343,2,P0010,3,44.90,0
O000343,3,P0006,4,5.90,0
O000344,1,P0022,1,24.90,0
O000344,2,P0011,3,12.90,0
O000345,1,P0009,4,34.90,0
O000345,2,P0019,4,39.90,0
O000345,3,P0010,5,44.90,10
O000346,1,P0022,4,24.90,10
O000347,1,P0007,4,8.90,10
O000347,2,P0011,4,12.90,0
O000348,1,P0011,1,12.90,5
O000348,2,P0021,3,54.90,0
O000348,3,P0006,2,5.90,10
O000348,4,P0002,2,59.90,5
O000349,1,P0021,4,54.90,0
O000349,2,P0014,1,29.90,10
O000349,3,P0013,2,14.90,15
O000349,4,P0016,3,29.90,0
O000350,1,P0001,1,24.90,15
O000350,2,P0022,2,24.90,0
O000351,1,P0017,1,9.90,0
O000351,2,P0019,3,39.90,0
O000351,3,P0010,4,44.90,15
O000351,4,P0006,5,5.90,10
O000352,1,P0011,3,12.90,0
O000352,2,P0016,2,29.90,5
O000353,1,P0024,5,16.90,10
O000353,2,P0001,2,24.90,0
O000354,1,P0021,5,54.90,0
O000354,2,P0009,5,34.90,0
O000354,3,P0025,1,27.90,15
O000354,4,P0018,1,11.90,0
O000355,1,P0018,3,11.90,5
O000356,1,P0010,4,44.90,15
O000357,1,P0014,5,29.90,15
O000357,2,P0004,5,89.90,0
O000358,1,P0020,3,14.90,10
O000358,2,P0007,2,8.90,0
O000359,1,P0007,2,8.90,0
O000359,2,P0023,1,19.90,15
O000359,3,P0016,1,29.90,0
O000359,4,P0011,5,12.90,15
O000360,1,P0024,1,16.90,0
O000361,1,P0015,2,22.90,0
O000361,2,P0002,3,59.90,0
O000361,3,P0004,3,89.90,5
O000362,1,P0005,2,69.90,0
O000363,1,P0012,3,18.90,0
O000364,1,P0013,4,14.90,15
O000364,2,P0023,2,19.90,0
O000364,3,P0016,2,29.90,15
O000365,1,P0014,5,29.90,5
O000366,1,P0025,2,27.90,5
O000366,2,P0012,4,18.90,0
O000366,3,P0020,4,14.90,5
O000366,4,P0001,1,24.90,0
O000367,1,P0022,5,24.90,10
O000367,2,P0011,5,12.90,0
O000368,1,P0022,2,24.90,10
O000368,2,P0021,5,54.90,0
O000368,3,P0013,1,14.90,15
O000369,1,P0003,4,39.90,0
O000369,2,P0025,2,27.90,0
O000370,1,P0013,4,14.90,10
O000370,2,P0008,4,19.90,0
O000370,3,P0003,4,39.90,5
O000370,4,P0015,3,22.90,0
O000371,1,P0014,1,29.90,10
O000371,2,P0002,5,59.90,15
O000371,3,P0018,3,11.90,10
O000371,4,P0001,5,24.90,0
O000372,1,P0002,3,59.90,10
O000372,2,P0008,5,19.90,10
O000372,3,P0015,4,22.90,15
O000373,1,P0025,2,27.90,0
O000374,1,P0023,2,19.90,5
O000374,2,P0004,2,89.90,15
O000374,3,P0002,4,59.90,0
O000375,1,P0007,1,8.90,5
O000375,2,P0015,1,22.90,15
O000375,3,P0023,5,19.90,0
O000375,4,P0011,4,12.90,5
O000376,1,P0001,5,24.90,5
O000376,2,P0017,5,9.90,5
O000376,3,P0024,5,16.90,0
O000376,4,P0002,5,59.90,0
O000377,1,P0017,5,9.90,15
O000377,2,P0013,2,14.90,0
O000377,3,P0014,4,29.90,0
O000378,1,P0020,3,14.90,15
O000378,2,P0023,5,19.90,0
O000378,3,P0024,5,16.90,15
O000378,4,P0017,2,9.90,0
O000379,1,P0022,2,24.90,10
O000379,2,P0005,5,69.90,15
O000379,3,P0023,3,19.90,15
O000380,1,P0022,4,24.90,0
O000380,2,P0024,5,16.90,0
O000380,3,P0018,1,11.90,5
O000380,4,P0010,2,44.90,0
O000381,1,P0022,1,24.90,15
O000381,2,P0009,3,34.90,0
O000381,3,P0005,5,69.90,0
O000382,1,P0024,5,16.90,5
O000382,2,P0021,2,54.90,10
O000383,1,P0013,4,14.90,5
O000384,1,P0001,3,24.90,0
O000385,1,P0021,3,54.90,10
O000385,2,P0023,5,19.90,15
O000386,1,P0015,1,22.90,0
O000386,2,P0006,2,5.90,15
O000386,3,P0022,5,24.90,0
O000387,1,P0005,3,69.90,0
O000387,2,P0006,3,5.90,5
O000387,3,P0019,2,39.90,0
O000388,1,P0016,3,29.90,0
O000388,2,P0019,3,39.90,10
O000388,3,P0018,2,11.90,0
O000389,1,P0018,2,11.90,0
O000389,2,P0013,3,14.90,0
O000389,3,P0003,3,39.90,0
O000389,4,P0012,2,18.90,10
O000390,1,P0004,3,89.90,5
O000391,1,P0002,3,59.90,5
O000391,2,P0022,1,24.90,5
O000392,1,P0017,1,9.90,0
O000392,2,P0015,2,22.90,0
O000392,3,P0016,5,29.90,0
O000393,1,P0021,1,54.90,0
O000394,1,P0004,4,89.90,15
O000394,2,P0007,1,8.90,15
O000394,3,P0018,2,11.90,0
O000394,4,P0023,4,19.90,15
O000395,1,P0009,1,34.90,10
O000395,2,P0018,2,11.90,0
O000396,1,P0011,1,12.90,10
O000396,2,P0001,1,24.90,15
O000396,3,P0013,5,14.90,0
O000396,4,P0022,5,24.90,0
O000397,1,P0010,3,44.90,10
O000398,1,P0013,2,14.90,10
O000398,2,P0022,2,24.90,0
O000398,3,P0001,4,24.90,10
O000398,4,P0016,3,29.90,15
O000399,1,P0001,1,24.90,0
O000399,2,P0018,1,11.90,10
O000399,3,P0005,5,69.90,5
O000400,1,P0024,2,16.90,5
O000400,2,P0012,5,18.90,0
O000401,1,P0004,5,89.90,0
O000401,2,P0006,5,5.90,5
O000402,1,P0009,1,34.90,0
O000403,1,P0005,2,69.90,0
O000403,2,P0022,3,24.90,10
O000403,3,P0021,1,54.90,0
O000404,1,P0023,5,19.90,10
O000404,2,P0019,3,39.90,0
O000404,3,P0005,4,69.90,0
O000405,1,P0009,3,34.90,5
O000405,2,P0012,4,18.90,5
O000405,3,P0005,3,69.90,0
O000405,4,P0022,4,24.90,10
O000406,1,P0005,3,69.90,15
O000406,2,P0018,1,11.90,15
O000406,3,P0007,1,8.90,0
O000407,1,P0025,5,27.90,0
O000407,2,P0019,5,39.90,10
O000407,3,P0007,4,8.90,15
O000407,4,P0002,2,59.90,0
O000408,1,P0005,5,69.90,0
O000408,2,P0015,4,22.90,0
O000408,3,P0017,5,9.90,0
O000409,1,P0025,2,27.90,5
O000409,2,P0017,2,9.90,0
O000410,1,P0012,4,18.90,0
O000410,2,P0002,1,59.90,0
O000410,3,P0008,3,19.90,0
O000410,4,P0025,1,27.90,15
O000411,1,P0016,3,29.90,0
O000411,2,P0015,5,22.90,15
O000411,3,P0002,3,59.90,15
O000411,4,P0021,3,54.90,10
O000412,1,P0012,5,18.90,0
O000412,2,P0019,4,39.90,0
O000412,3,P0021,5,54.90,5
O000412,4,P0003,3,39.90,0
O000413,1,P0015,2,22.90,0
O000413,2,P0006,5,5.90,15
O000414,1,P0020,2,14.90,5
O000414,2,P0023,3,19.90,15
O000414,3,P0004,1,89.90,5
O000415,1,P0021,1,54.90,0
O000415,2,P0014,1,29.90,0
O000416,1,P0019,2,39.90,0
O000417,1,P0020,3,14.90,0
O000417,2,P0019,2,39.90,5
O000417,3,P0021,5,54.90,5
O000417,4,P0001,4,24.90,0
O000418,1,P0020,5,14.90,0
O000418,2,P0022,2,24.90,15
O000419,1,P0008,4,19.90,5
O000420,1,P0005,4,69.90,10
O000420,2,P0020,5,14.90,0
O000420,3,P0004,5,89.90,10
O000420,4,P0006,1,5.90,0
O000421,1,P0025,4,27.90,10
O000422,1,P0008,3,19.90,10
O000422,2,P0016,5,29.90,0
O000422,3,P0025,4,27.90,0
O000422,4,P0013,3,14.90,5
O000423,1,P0020,3,14.90,0
O000423,2,P0018,1,11.90,15
O000423,3,P0014,1,29.90,10
O000424,1,P0023,4,19.90,0
O000424,2,P0011,1,12.90,0
O000425,1,P0019,4,39.90,0
O000425,2,P0012,4,18.90,10
O000425,3,P0020,5,14.90,5
O000425,4,P0009,2,34.90,0
O000426,1,P0025,2,27.90,15
O000426,2,P0023,1,19.90,15
O000426,3,P0013,2,14.90,5
O000427,1,P0017,3,9.90,10
O000427,2,P0013,5,14.90,15
O000428,1,P0003,2,39.90,5
O000429,1,P0008,5,19.90,0
O000429,2,P0012,4,18.90,5
O000429,3,P0003,5,39.90,15
O000430,1,P0025,2,27.90,15
O000431,1,P0007,5,8.90,10
O000431,2,P0002,2,59.90,10
O000431,3,P0020,2,14.90,15
O000432,1,P0003,4,39.90,0
O000432,2,P0009,4,34.90,5
O000433,1,P0003,5,39.90,0
O000434,1,P0009,2,34.90,5
O000434,2,P0008,4,19.90,10
O000434,3,P0020,1,14.90,0
O000435,1,P0017,3,9.90,0
O000436,1,P0023,5,19.90,5
O000436,2,P0015,2,22.90,0
O000436,3,P0013,4,14.90,15
O000437,1,P0009,1,34.90,5
O000438,1,P0014,5,29.90,0
O000438,2,P0012,3,18.90,0
O000438,3,P0017,3,9.90,0
O000439,1,P0018,2,11.90,5
O000440,1,P0006,2,5.90,5
O000440,2,P0024,2,16.90,0
O000440,3,P0022,2,24.90,0
O000441,1,P0005,1,69.90,0
O000441,2,P0025,4,27.90,10
O000441,3,P0004,1,89.90,10
O000442,1,P0019,5,39.90,0
O000442,2,P0009,4,34.90,0
O000442,3,P0016,5,29.90,0
O000442,4,P0006,1,5.90,10
O000443,1,P0017,3,9.90,5
O000444,1,P0023,5,19.90,5
O000445,1,P0013,1,14.90,0
O000445,2,P0019,3,39.90,10
O000446,1,P0009,5,34.90,0
O000446,2,P0016,3,29.90,0
O000447,1,P0012,4,18.90,0
O000447,2,P0013,5,14.90,0
O000447,3,P0009,5,34.90,15
O000448,1,P0013,2,14.90,5
O000448,2,P0007,1,8.90,0
O000448,3,P0005,4,69.90,5
O000448,4,P0024,2,16.90,15
O000449,1,P0009,1,34.90,5
O000449,2,P0018,1,11.90,15
O000449,3,P0019,2,39.90,0
O000450,1,P0015,3,22.90,0
O000451,1,P0001,3,24.90,15
O000451,2,P0014,5,29.90,0
O000451,3,P0004,5,89.90,10
O000452,1,P0011,4,12.90,15
O000452,2,P0022,4,24.90,0
O000452,3,P0017,4,9.90,10
O000453,1,P0021,4,54.90,15
O000453,2,P0011,5,12.90,10
O000454,1,P0011,3,12.90,15
O000454,2,P0021,3,54.90,10
O000455,1,P0024,4,16.90,5
O000455,2,P0019,2,39.90,0
O000455,3,P0017,1,9.90,0
O000456,1,P0007,2,8.90,5
O000457,1,P0001,4,24.90,10
O000458,1,P0003,4,39.90,0
O000458,2,P0021,2,54.90,0
O000459,1,P0017,1,9.90,0
O000459,2,P0006,3,5.90,0
O000460,1,P0018,5,11.90,0
O000460,2,P0015,5,22.90,10
O000460,3,P0005,4,69.90,15
O000461,1,P0012,2,18.90,0
O000461,2,P0016,4,29.90,0
O000461,3,P0018,3,11.90,5
O000462,1,P0012,4,18.90,10
O000462,2,P0010,1,44.90,15
O000463,1,P0001,3,24.90,10
O000463,2,P0025,2,27.90,0
O000463,3,P0014,5,29.90,0
O000464,1,P0008,4,19.90,5
O000464,2,P0006,2,5.90,0
O000464,3,P0023,1,19.90,5
O000464,4,P0024,2,16.90,10
O000465,1,P0010,5,44.90,0
O000465,2,P0021,4,54.90,0
O000465,3,P0024,1,16.90,0
O000466,1,P0009,2,34.90,0
O000466,2,P0023,1,19.90,0
O000466,3,P0020,1,14.90,10
O000466,4,P0016,1,29.90,0
O000467,1,P0024,2,16.90,0
O000467,2,P0001,4,24.90,0
O000467,3,P0008,3,19.90,5
O000467,4,P0003,3,39.90,5
O000468,1,P0003,1,39.90,0
O000468,2,P0025,4,27.90,0
O000468,3,P0005,5,69.90,5
O000469,1,P0001,2,24.90,5
O000469,2,P0004,4,89.90,0
O000469,3,P0025,1,27.90,0
O000469,4,P0023,4,19.90,15
O000470,1,P0013,2,14.90,15
O000470,2,P0022,1,24.90,15
O000470,3,P0010,5,44.90,10
O000470,4,P0011,1,12.90,0
O000471,1,P0022,2,24.90,0
O000472,1,P0009,1,34.90,5
O000472,2,P0019,2,39.90,0
O000473,1,P0012,1,18.90,0
O000473,2,P0025,2,27.90,5
O000474,1,P0002,3,59.90,15
O000475,1,P0016,3,29.90,10
O000475,2,P0008,3,19.90,5
O000476,1,P0024,1,16.90,5
O000476,2,P0005,4,69.90,10
O000476,3,P0009,3,34.90,10
O000477,1,P0011,3,12.90,10
O000477,2,P0024,5,16.90,0
O000477,3,P0015,1,22.90,10
O000478,1,P0015,5,22.90,5
O000478,2,P0001,2,24.90,0
O000478,3,P0025,5,27.90,0
O000479,1,P0022,5,24.90,5
O000480,1,P0020,3,14.90,5
O000480,2,P0010,3,44.90,0
O000481,1,P0006,2,5.90,0
O000481,2,P0002,4,59.90,0
O000482,1,P0017,3,9.90,0
O000482,2,P0020,3,14.90,0
O000482,3,P0023,5,19.90,15
O000482,4,P0019,1,39.90,0
O000483,1,P0021,4,54.90,0
O000483,2,P0002,1,59.90,10
O000483,3,P0012,3,18.90,10
O000483,4,P0018,1,11.90,15
O000484,1,P0004,2,89.90,10
O000485,1,P0019,2,39.90,10
O000485,2,P0021,5,54.90,5
O000486,1,P0022,4,24.90,0
O000486,2,P0015,2,22.90,0
O000486,3,P0023,5,19.90,5
O000487,1,P0012,4,18.90,15
O000487,2,P0011,3,12.90,10
O000487,3,P0018,2,11.90,10
O000487,4,P0014,5,29.90,0
O000488,1,P0012,1,18.90,15
O000488,2,P0015,1,22.90,0
O000488,3,P0013,5,14.90,0
O000489,1,P0010,2,44.90,0
O000490,1,P0018,5,11.90,0
O000490,2,P0017,1,9.90,0
O000490,3,P0019,4,39.90,0
O000491,1,P0008,3,19.90,0
O000491,2,P0009,5,34.90,5
O000492,1,P0016,5,29.90,0
O000492,2,P0006,5,5.90,15
O000492,3,P0023,3,19.90,0
O000493,1,P0012,2,18.90,15
O000493,2,P0014,5,29.90,0
O000493,3,P0004,4,89.90,0
O000494,1,P0011,2,12.90,0
O000494,2,P0017,1,9.90,15
O000495,1,P0008,4,19.90,0
O000496,1,P0016,5,29.90,15
O000497,1,P0017,2,9.90,0
O000497,2,P0014,4,29.90,10
O000497,3,P0025,2,27.90,5
O000497,4,P0023,4,19.90,15
O000498,1,P0008,3,19.90,5
O000498,2,P0003,3,39.90,15
O000499,1,P0014,3,29.90,10
O000499,2,P0012,1,18.90,0
O000499,3,P0007,2,8.90,0
O000499,4,P0011,5,12.90,5
O000500,1,P0022,2,24.90,15
O000500,2,P0012,1,18.90,0
O000501,1,P0010,3,44.90,15
O000501,2,P0001,1,24.90,0
O000502,1,P0007,5,8.90,0
O000502,2,P0018,5,11.90,5
O000503,1,P0013,5,14.90,15
O000504,1,P0007,3,8.90,0
O000504,2,P0023,4,19.90,15
O000504,3,P0020,1,14.90,0
O000505,1,P0004,4,89.90,0
O000505,2,P0001,4,24.90,10
O000505,3,P0010,1,44.90,0
O000506,1,P0017,5,9.90,15
O000506,2,P0015,1,22.90,0
O000507,1,P0024,3,16.90,0
O000507,2,P0006,3,5.90,0
O000507,3,P0001,5,24.90,0
O000507,4,P0012,1,18.90,15
O000508,1,P0008,4,19.90,15
O000508,2,P0005,2,69.90,0
O000508,3,P0011,4,12.90,10
O000509,1,P0014,5,29.90,0
O000509,2,P0008,4,19.90,0
O000510,1,P0007,2,8.90,10
O000510,2,P0021,5,54.90,15
O000511,1,P0014,2,29.90,15
O000511,2,P0025,5,27.90,0
O000512,1,P0006,3,5.90,0
O000513,1,P0010,3,44.90,0
O000513,2,P0015,2,22.90,0
O000513,3,P0024,2,16.90,0
O000513,4,P0021,1,54.90,10
O000514,1,P0020,2,14.90,15
O000514,2,P0008,1,19.90,0
O000515,1,P0023,4,19.90,5
O000515,2,P0021,4,54.90,0
O000515,3,P0012,2,18.90,0
O000515,4,P0006,2,5.90,0
O000516,1,P0008,2,19.90,0
O000516,2,P0024,2,16.90,5
O000516,3,P0022,5,24.90,5
O000516,4,P0007,3,8.90,5
O000517,1,P0024,5,16.90,10
O000517,2,P0011,5,12.90,10
O000517,3,P0013,1,14.90,10
O000517,4,P0020,1,14.90,5
O000518,1,P0024,5,16.90,15
O000518,2,P0002,1,59.90,0
O000518,3,P0018,3,11.90,5
O000518,4,P0013,4,14.90,0
O000519,1,P0020,5,14.90,0
O000519,2,P0002,4,59.90,15
O000519,3,P0023,4,19.90,0
O000520,1,P0013,3,14.90,5
O000520,2,P0014,1,29.90,0
O000521,1,P0003,2,39.90,15
O000521,2,P0009,1,34.90,0
O000521,3,P0011,1,12.90,15
O000521,4,P0023,4,19.90,15
O000522,1,P0013,4,14.90,0
O000522,2,P0018,2,11.90,0
O000523,1,P0006,1,5.90,5
O000523,2,P0025,3,27.90,0
O000524,1,P0004,2,89.90,0
O000524,2,P0005,5,69.90,0
O000525,1,P0020,4,14.90,0
O000526,1,P0015,2,22.90,10
O000526,2,P0003,3,39.90,10
O000526,3,P0020,5,14.90,0
O000526,4,P0001,1,24.90,0
O000527,1,P0002,5,59.90,10
O000527,2,P0022,3,24.90,0
O000528,1,P0006,3,5.90,10
O000528,2,P0022,5,24.90,10
O000529,1,P0002,3,59.90,0
O000529,2,P0003,3,39.90,5
O000529,3,P0025,1,27.90,5
O000530,1,P0004,3,89.90,0
O000530,2,P0023,5,19.90,5
O000531,1,P0004,5,89.90,15
O000532,1,P0014,3,29.90,10
O000532,2,P0020,5,14.90,10
O000532,3,P0011,3,12.90,0
O000533,1,P0016,3,29.90,0
O000533,2,P0006,1,5.90,0
O000533,3,P0020,1,14.90,5
O000533,4,P0008,1,19.90,15
O000534,1,P0002,2,59.90,0
O000534,2,P0011,2,12.90,15
O000534,3,P0012,3,18.90,0
O000534,4,P0018,1,11.90,0
O000535,1,P0022,3,24.90,0
O000536,1,P0007,3,8.90,15
O000536,2,P0011,4,12.90,5
O000537,1,P0021,5,54.90,0
O000537,2,P0015,4,22.90,5
O000538,1,P0019,3,39.90,10
O000538,2,P0024,5,16.90,0
O000538,3,P0022,2,24.90,10
O000539,1,P0005,3,69.90,0
O000540,1,P0006,3,5.90,15
O000540,2,P0020,3,14.90,15
O000540,3,P0004,1,89.90,0
O000540,4,P0025,4,27.90,0
O000541,1,P0017,2,9.90,0
O000541,2,P0010,3,44.90,0
O000542,1,P0016,5,29.90,0
O000543,1,P0025,1,27.90,10
O000543,2,P0011,2,12.90,0
O000543,3,P0005,1,69.90,5
O000544,1,P0010,1,44.90,15
O000545,1,P0002,3,59.90,0
O000545,2,P0004,5,89.90,0
O000545,3,P0017,2,9.90,0
O000545,4,P0025,2,27.90,0
O000546,1,P0009,2,34.90,0
O000547,1,P0007,5,8.90,0
O000548,1,P0019,1,39.90,0
O000548,2,P0008,5,19.90,0
O000548,3,P0006,5,5.90,5
O000549,1,P0004,4,89.90,0
O000550,1,P0020,2,14.90,15
O000550,2,P0012,5,18.90,0
O000550,3,P0010,4,44.90,10
O000550,4,P0011,2,12.90,0
O000551,1,P0022,4,24.90,5
O000551,2,P0021,2,54.90,0
O000551,3,P0023,2,19.90,10
O000552,1,P0011,1,12.90,0
O000552,2,P0015,4,22.90,0
O000552,3,P0016,3,29.90,5
O000553,1,P0017,4,9.90,15
O000553,2,P0004,1,89.90,0
O000554,1,P0013,5,14.90,0
O000554,2,P0019,5,39.90,0
O000554,3,P0014,4,29.90,5
O000554,4,P0008,1,19.90,0
O000555,1,P0018,2,11.90,15
O000555,2,P0023,1,19.90,15
O000555,3,P0008,5,19.90,5
O000556,1,P0015,2,22.90,0
O000557,1,P0011,1,12.90,0
O000557,2,P0016,2,29.90,0
O000557,3,P0021,5,54.90,15
O000557,4,P0022,1,24.90,0
O000558,1,P0020,2,14.90,15
O000558,2,P0019,3,39.90,0
O000558,3,P0015,5,22.90,15
O000558,4,P0007,3,8.90,5
O000559,1,P0020,5,14.90,5
O000560,1,P0018,5,11.90,0
O000560,2,P0002,1,59.90,0
O000560,3,P0001,1,24.90,0
O000561,1,P0023,5,19.90,0
O000561,2,P0013,2,14.90,5
O000561,3,P0014,2,29.90,0
O000562,1,P0005,1,69.90,15
O000562,2,P0010,1,44.90,0
O000562,3,P0022,4,24.90,15
O000562,4,P0001,4,24.90,0
O000563,1,P0023,4,19.90,10
O000563,2,P0020,4,14.90,10
O000563,3,P0014,4,29.90,5
O000563,4,P0006,3,5.90,0
O000564,1,P0024,3,16.90,5
O000564,2,P0008,5,19.90,10
O000564,3,P0023,3,19.90,0
O000564,4,P0017,1,9.90,10
O000565,1,P0023,5,19.90,0
O000565,2,P0003,4,39.90,10
O000565,3,P0005,1,69.90,10
O000565,4,P0024,5,16.90,0
O000566,1,P0022,5,24.90,10
O000567,1,P0016,4,29.90,10
O000568,1,P0012,5,18.90,15
O000568,2,P0010,3,44.90,15
O000568,3,P0006,5,5.90,0
O000568,4,P0002,1,59.90,15
O000569,1,P0024,3,16.90,5
O000569,2,P0020,1,14.90,0
O000569,3,P0001,5,24.90,0
O000570,1,P0009,1,34.90,10
O000570,2,P0001,2,24.90,10
O000570,3,P0024,2,16.90,15
O000571,1,P0016,5,29.90,0
O000571,2,P0006,3,5.90,0
O000572,1,P0025,4,27.90,15
O000572,2,P0014,2,29.90,0
O000572,3,P0013,5,14.90,15
O000572,4,P0008,3,19.90,0
O000573,1,P0006,4,5.90,5
O000574,1,P0013,4,14.90,5
O000574,2,P0022,3,24.90,0
O000575,1,P0022,1,24.90,10
O000575,2,P0011,3,12.90,5
O000575,3,P0017,5,9.90,15
O000575,4,P0002,3,59.90,0
O000576,1,P0015,2,22.90,15
O000576,2,P0025,5,27.90,0
O000576,3,P0022,5,24.90,0
O000576,4,P0024,2,16.90,0
O000577,1,P0014,1,29.90,10
O000578,1,P0009,1,34.90,10
O000578,2,P0007,1,8.90,0
O000578,3,P0002,5,59.90,15
O000579,1,P0023,1,19.90,0
O000580,1,P0004,2,89.90,0
O000580,2,P0023,3,19.90,5
O000581,1,P0023,3,19.90,0
O000581,2,P0022,1,24.90,0
O000581,3,P0025,1,27.90,5
O000581,4,P0011,4,12.90,0
O000582,1,P0015,4,22.90,0
O000582,2,P0003,5,39.90,5
O000583,1,P0007,4,8.90,15
O000583,2,P0020,3,14.90,0
O000583,3,P0021,1,54.90,0
O000583,4,P0004,1,89.90,10
O000584,1,P0005,4,69.90,0
O000584,2,P0021,2,54.90,15
O000584,3,P0001,3,24.90,5
O000584,4,P0002,5,59.90,0
O000585,1,P0014,1,29.90,10
O000585,2,P0013,2,14.90,0
O000585,3,P0024,4,16.90,15
O000585,4,P0025,4,27.90,0
O000586,1,P0022,1,24.90,15
O000586,2,P0010,1,44.90,0
O000586,3,P0013,5,14.90,0
O000587,1,P0006,1,5.90,5
O000587,2,P0018,2,11.90,0
O000588,1,P0016,4,29.90,15
O000588,2,P0003,2,39.90,0
O000588,3,P0021,1,54.90,0
O000589,1,P0013,3,14.90,5
O000589,2,P0003,5,39.90,5
O000589,3,P0018,1,11.90,0
O000589,4,P0021,3,54.90,0
O000590,1,P0021,5,54.90,5
O000590,2,P0022,5,24.90,0
O000591,1,P0024,2,16.90,5
O000592,1,P0008,2,19.90,0
O000593,1,P0015,5,22.90,0
O000594,1,P0016,5,29.90,10
O000595,1,P0024,3,16.90,0
O000595,2,P0022,5,24.90,10
O000595,3,P0013,2,14.90,0
O000596,1,P0011,1,12.90,0
O000596,2,P0003,2,39.90,5
O000597,1,P0008,1,19.90,15
O000597,2,P0019,5,39.90,5
O000597,3,P0002,2,59.90,0
O000597,4,P0005,4,69.90,0
O000598,1,P0014,4,29.90,15
O000598,2,P0023,2,19.90,0
O000598,3,P0025,2,27.90,15
O000599,1,P0020,1,14.90,10
O000599,2,P0023,2,19.90,15
O000600,1,P0012,5,18.90,0
O000600,2,P0014,2,29.90,0
O000600,3,P0001,5,24.90,0
O000601,1,P0015,2,22.90,0
O000601,2,P0025,1,27.90,0
O000602,1,P0006,3,5.90,0
O000602,2,P0022,2,24.90,5
O000602,3,P0002,3,59.90,0
O000602,4,P0021,5,54.90,5
O000603,1,P0006,4,5.90,10
O000603,2,P0001,1,24.90,0
O000604,1,P0014,3,29.90,0
O000604,2,P0007,1,8.90,0
O000604,3,P0024,2,16.90,0
O000605,1,P0008,4,19.90,0
O000605,2,P0003,4,39.90,0
O000605,3,P0016,2,29.90,10
O000605,4,P0019,4,39.90,0
O000606,1,P0021,3,54.90,0
O000606,2,P0012,3,18.90,0
O000607,1,P0004,4,89.90,5
O000607,2,P0015,2,22.90,0
O000608,1,P0019,2,39.90,0
O000608,2,P0018,4,11.90,10
O000609,1,P0001,2,24.90,0
O000609,2,P0024,3,16.90,5
O000609,3,P0014,5,29.90,0
O000610,1,P0014,1,29.90,0
O000611,1,P0017,1,9.90,5
O000611,2,P0013,4,14.90,0
O000611,3,P0016,1,29.90,10
O000611,4,P0023,1,19.90,15
O000612,1,P0010,1,44.90,0
O000612,2,P0008,4,19.90,15
O000612,3,P0021,3,54.90,0
O000613,1,P0015,4,22.90,0
O000614,1,P0023,4,19.90,15
O000614,2,P0021,3,54.90,10
O000614,3,P0001,1,24.90,0
O000614,4,P0003,4,39.90,0
O000615,1,P0020,3,14.90,15
O000616,1,P0002,3,59.90,5
O000616,2,P0004,5,89.90,0
O000616,3,P0013,3,14.90,0
O000617,1,P0005,2,69.90,10
O000617,2,P0011,1,12.90,15
O000618,1,P0025,2,27.90,0
O000618,2,P0024,3,16.90,0
O000619,1,P0012,3,18.90,5
O000620,1,P0023,4,19.90,10
O000620,2,P0018,3,11.90,15
O000620,3,P0022,1,24.90,0
O000620,4,P0010,4,44.90,0
O000621,1,P0004,2,89.90,0
O000622,1,P0017,1,9.90,0
O000622,2,P0021,4,54.90,15
O000623,1,P0024,2,16.90,0
O000623,2,P0021,1,54.90,0
O000623,3,P0001,5,24.90,15
O000623,4,P0010,3,44.90,5
O000624,1,P0019,5,39.90,5
O000624,2,P0022,4,24.90,0
O000624,3,P0023,5,19.90,0
O000624,4,P0017,3,9.90,0
O000625,1,P0025,3,27.90,0
O000625,2,P0002,4,59.90,0
O000625,3,P0005,5,69.90,0
O000626,1,P0006,1,5.90,0
O000626,2,P0008,3,19.90,10
O000627,1,P0018,1,11.90,15
O000627,2,P0023,3,19.90,0
O000628,1,P0004,4,89.90,0
O000628,2,P0001,4,24.90,0
O000628,3,P0013,2,14.90,0
O000629,1,P0016,5,29.90,15
O000629,2,P0010,2,44.90,10
O000629,3,P0025,4,27.90,0
O000630,1,P0022,1,24.90,0
O000630,2,P0018,1,11.90,5
O000631,1,P0002,2,59.90,10
O000631,2,P0020,5,14.90,0
O000631,3,P0021,3,54.90,0
O000632,1,P0017,4,9.90,0
O000633,1,P0022,3,24.90,5
O000634,1,P0012,5,18.90,0
O000634,2,P0001,2,24.90,15
O000634,3,P0010,4,44.90,15
O000634,4,P0015,4,22.90,5
O000635,1,P0005,2,69.90,0
O000635,2,P0019,3,39.90,5
O000635,3,P0020,5,14.90,0
O000635,4,P0003,1,39.90,10
O000636,1,P0014,4,29.90,15
O000636,2,P0006,5,5.90,0
O000636,3,P0018,2,11.90,0
O000637,1,P0010,5,44.90,0
O000638,1,P0001,2,24.90,0
O000639,1,P0021,3,54.90,5
O000640,1,P0001,3,24.90,5
O000640,2,P0004,1,89.90,10
O000641,1,P0009,1,34.90,0
O000641,2,P0021,5,54.90,15
O000641,3,P0022,5,24.90,0
O000641,4,P0016,3,29.90,0
O000642,1,P0012,1,18.90,0
O000642,2,P0006,3,5.90,5
O000643,1,P0017,2,9.90,15
O000644,1,P0011,3,12.90,15
O000644,2,P0022,3,24.90,0
O000644,3,P0010,5,44.90,10
O000645,1,P0012,4,18.90,0
O000645,2,P0025,2,27.90,0
O000645,3,P0016,2,29.90,0
O000646,1,P0014,4,29.90,0
O000647,1,P0010,2,44.90,5
O000647,2,P0023,5,19.90,10
O000647,3,P0012,3,18.90,0
O000648,1,P0005,2,69.90,15
O000648,2,P0023,2,19.90,0
O000649,1,P0023,1,19.90,5
O000649,2,P0025,4,27.90,0
O000649,3,P0004,2,89.90,0
O000649,4,P0003,1,39.90,15
O000650,1,P0002,1,59.90,0
O000650,2,P0003,1,39.90,10
O000650,3,P0010,2,44.90,10
O000651,1,P0003,2,39.90,15
O000652,1,P0017,1,9.90,0
O000652,2,P0019,5,39.90,0
O000653,1,P0025,1,27.90,15
O000653,2,P0018,1,11.90,0
O000654,1,P0023,4,19.90,15
O000654,2,P0019,1,39.90,0
O000654,3,P0006,3,5.90,5
O000655,1,P0025,3,27.90,0
O000656,1,P0023,1,19.90,0
O000656,2,P0010,3,44.90,5
O000656,3,P0018,1,11.90,5
O000657,1,P0008,4,19.90,0
O000657,2,P0018,1,11.90,5
O000657,3,P0014,3,29.90,0
O000657,4,P0010,1,44.90,15
O000658,1,P0004,2,89.90,5
O000659,1,P0003,2,39.90,0
O000659,2,P0012,2,18.90,10
O000660,1,P0009,5,34.90,0
O000660,2,P0025,4,27.90,0
O000660,3,P0023,4,19.90,15
O000660,4,P0019,5,39.90,5
O000661,1,P0004,3,89.90,5
O000662,1,P0004,1,89.90,0
O000663,1,P0020,3,14.90,10
O000663,2,P0022,5,24.90,0
O000663,3,P0011,1,12.90,15
O000663,4,P0005,5,69.90,5
O000664,1,P0016,3,29.90,10
O000664,2,P0017,5,9.90,0
O000664,3,P0009,1,34.90,5
O000664,4,P0018,1,11.90,5
O000665,1,P0002,3,59.90,15
O000665,2,P0006,2,5.90,5
O000665,3,P0018,4,11.90,0
O000665,4,P0022,3,24.90,15
O000666,1,P0022,4,24.90,10
O000666,2,P0018,2,11.90,10
O000666,3,P0019,1,39.90,5
O000666,4,P0016,3,29.90,5
O000667,1,P0011,5,12.90,0
O000667,2,P0002,2,59.90,0
O000667,3,P0001,3,24.90,15
O000668,1,P0013,3,14.90,0
O000668,2,P0004,4,89.90,0
O000668,3,P0014,1,29.90,15
O000669,1,P0023,1,19.90,0
O000670,1,P0002,4,59.90,10
O000670,2,P0015,5,22.90,5
O000670,3,P0022,3,24.90,0
O000671,1,P0019,4,39.90,0
O000671,2,P0013,2,14.90,0
O000671,3,P0011,4,12.90,10
O000671,4,P0004,3,89.90,0
O000672,1,P0016,1,29.90,10
O000672,2,P0021,2,54.90,0
O000673,1,P0008,5,19.90,0
O000673,2,P0020,5,14.90,0
O000673,3,P0024,3,16.90,0
O000673,4,P0003,5,39.90,10
O000674,1,P0017,5,9.90,0
O000674,2,P0010,2,44.90,5
O000674,3,P0014,4,29.90,0
O000675,1,P0001,5,24.90,0
O000675,2,P0021,5,54.90,5
O000676,1,P0009,4,34.90,10
O000676,2,P0021,1,54.90,10
O000676,3,P0018,2,11.90,0
O000676,4,P0020,4,14.90,0
O000677,1,P0014,2,29.90,5
O000677,2,P0011,3,12.90,0
O000677,3,P0003,2,39.90,0
O000677,4,P0021,5,54.90,0
O000678,1,P0008,3,19.90,5
O000679,1,P0007,2,8.90,0
O000680,1,P0021,4,54.90,0
O000680,2,P0002,1,59.90,0
O000681,1,P0012,2,18.90,0
O000681,2,P0022,1,24.90,10
O000681,3,P0003,5,39.90,0
O000681,4,P0013,5,14.90,15
O000682,1,P0016,5,29.90,0
O000682,2,P0003,3,39.90,0
O000682,3,P0008,5,19.90,15
O000683,1,P0005,2,69.90,0
O000683,2,P0004,3,89.90,5
O000684,1,P0018,3,11.90,10
O000684,2,P0012,4,18.90,5
O000684,3,P0023,2,19.90,0
O000684,4,P0004,2,89.90,0
O000685,1,P0021,5,54.90,0
O000686,1,P0009,4,34.90,0
O000686,2,P0018,3,11.90,15
O000687,1,P0001,1,24.90,0
O000687,2,P0013,3,14.90,0
O000687,3,P0009,2,34.90,5
O000687,4,P0010,3,44.90,15
O000688,1,P0016,4,29.90,0
O000688,2,P0024,2,16.90,15
O000688,3,P0014,3,29.90,10
O000688,4,P0011,1,12.90,0
O000689,1,P0015,1,22.90,15
O000689,2,P0023,2,19.90,15
O000689,3,P0001,4,24.90,15
O000690,1,P0011,1,12.90,0
O000690,2,P0019,2,39.90,10
O000690,3,P0003,2,39.90,10
O000691,1,P0016,2,29.90,15
O000691,2,P0024,5,16.90,0
O000691,3,P0005,3,69.90,0
O000691,4,P0009,1,34.90,5
O000692,1,P0001,5,24.90,15
O000692,2,P0018,2,11.90,0
O000693,1,P0013,5,14.90,5
O000694,1,P0019,1,39.90,15
O000694,2,P0004,5,89.90,5
O000695,1,P0008,2,19.90,0
O000696,1,P0005,2,69.90,0
O000696,2,P0014,2,29.90,5
O000696,3,P0007,2,8.90,5
O000696,4,P0020,2,14.90,0
O000697,1,P0012,4,18.90,0
O000697,2,P0019,1,39.90,5
O000698,1,P0023,4,19.90,15
O000698,2,P0013,5,14.90,0
O000699,1,P0008,5,19.90,15
O000699,2,P0016,5,29.90,15
O000699,3,P0012,1,18.90,0
O000700,1,P0022,1,24.90,10
O000700,2,P0012,2,18.90,0
O000700,3,P0005,2,69.90,10
O000700,4,P0018,4,11.90,0
O000701,1,P0005,1,69.90,0
O000701,2,P0009,4,34.90,0
O000701,3,P0004,3,89.90,5
O000701,4,P0011,3,12.90,0
O000702,1,P0014,4,29.90,0
O000702,2,P0006,5,5.90,15
O000702,3,P0011,4,12.90,0
O000703,1,P0016,3,29.90,0
O000704,1,P0015,3,22.90,15
O000705,1,P0004,1,89.90,0
O000705,2,P0012,3,18.90,0
O000706,1,P0019,5,39.90,10
O000706,2,P0001,2,24.90,5
O000707,1,P0011,1,12.90,0
O000708,1,P0011,2,12.90,0
O000709,1,P0015,1,22.90,0
O000709,2,P0021,1,54.90,15
O000709,3,P0009,5,34.90,5
O000709,4,P0020,3,14.90,15
O000710,1,P0011,1,12.90,10
O000710,2,P0002,5,59.90,5
O000710,3,P0024,1,16.90,5
O000711,1,P0001,2,24.90,0
O000712,1,P0004,4,89.90,5
O000712,2,P0010,3,44.90,15
O000713,1,P0017,4,9.90,5
O000713,2,P0007,4,8.90,0
O000713,3,P0016,5,29.90,10
O000714,1,P0014,4,29.90,0
O000714,2,P0021,1,54.90,10
O000715,1,P0016,5,29.90,0
O000715,2,P0017,3,9.90,5
O000716,1,P0005,2,69.90,10
O000716,2,P0022,4,24.90,0
O000716,3,P0010,5,44.90,0
O000717,1,P0017,4,9.90,5
O000718,1,P0012,1,18.90,10
O000718,2,P0009,1,34.90,0
O000718,3,P0019,4,39.90,0
O000719,1,P0014,3,29.90,0
O000720,1,P0020,2,14.90,0
O000720,2,P0009,1,34.90,15
O000720,3,P0011,5,12.90,0
O000720,4,P0006,1,5.90,5
O000721,1,P0006,4,5.90,5
O000722,1,P0010,4,44.90,0
O000722,2,P0020,1,14.90,0
O000722,3,P0012,2,18.90,0
O000722,4,P0023,2,19.90,0
O000723,1,P0007,4,8.90,15
O000724,1,P0003,4,39.90,0
O000724,2,P0010,4,44.90,5
O000725,1,P0016,2,29.90,0
O000725,2,P0001,3,24.90,10
O000725,3,P0015,4,22.90,0
O000725,4,P0019,3,39.90,0
O000726,1,P0016,5,29.90,0
O000726,2,P0024,1,16.90,5
O000726,3,P0019,4,39.90,5
O000726,4,P0020,5,14.90,10
O000727,1,P0023,5,19.90,0
O000727,2,P0002,4,59.90,10
O000728,1,P0016,3,29.90,5
O000728,2,P0004,4,89.90,0
O000728,3,P0020,2,14.90,0
O000728,4,P0021,2,54.90,5
O000729,1,P0020,4,14.90,0
O000729,2,P0023,3,19.90,15
O000729,3,P0022,4,24.90,5
O000730,1,P0006,1,5.90,15
O000730,2,P0020,4,14.90,0
O000730,3,P0007,2,8.90,0
O000730,4,P0010,2,44.90,10
O000731,1,P0008,1,19.90,0
O000731,2,P0007,3,8.90,0
O000731,3,P0018,3,11.90,15
O000732,1,P0003,3,39.90,5
O000733,1,P0016,3,29.90,0
O000733,2,P0009,1,34.90,10
O000734,1,P0023,1,19.90,5
O000735,1,P0020,5,14.90,0
O000736,1,P0021,2,54.90,0
O000736,2,P0004,2,89.90,15
O000737,1,P0024,3,16.90,0
O000737,2,P0004,2,89.90,0
O000737,3,P0005,2,69.90,5
O000737,4,P0021,4,54.90,0
O000738,1,P0003,3,39.90,15
O000738,2,P0009,4,34.90,0
O000739,1,P0008,5,19.90,15
O000739,2,P0005,3,69.90,0
O000739,3,P0014,4,29.90,0
O000739,4,P0015,1,22.90,15
O000740,1,P0011,2,12.90,5
O000740,2,P0013,1,14.90,5
O000740,3,P0025,1,27.90,15
O000741,1,P0021,5,54.90,0
O000742,1,P0024,1,16.90,0
O000742,2,P0011,5,12.90,10
O000742,3,P0012,2,18.90,15
O000743,1,P0023,2,19.90,0
O000743,2,P0012,1,18.90,0
O000743,3,P0021,5,54.90,0
O000743,4,P0013,4,14.90,15
O000744,1,P0007,5,8.90,0
O000744,2,P0003,5,39.90,0
O000744,3,P0017,2,9.90,0
O000745,1,P0024,1,16.90,15
O000745,2,P0014,1,29.90,0
O000745,3,P0017,3,9.90,15
O000746,1,P0015,3,22.90,10
O000747,1,P0012,3,18.90,15
O000747,2,P0010,5,44.90,15
O000748,1,P0004,5,89.90,10
O000748,2,P0011,2,12.90,0
O000749,1,P0003,4,39.90,0
O000749,2,P0002,4,59.90,0
O000749,3,P0014,3,29.90,15
O000749,4,P0005,5,69.90,5
O000750,1,P0019,4,39.90,5
O000750,2,P0016,4,29.90,15
O000750,3,P0021,4,54.90,0
O000751,1,P0005,2,69.90,5
O000751,2,P0023,4,19.90,0
O000751,3,P0017,2,9.90,10
O000751,4,P0004,3,89.90,0
O000752,1,P0002,1,59.90,0
O000752,2,P0017,3,9.90,0
O000752,3,P0005,3,69.90,0
O000753,1,P0002,4,59.90,0
O000753,2,P0010,1,44.90,10
O000753,3,P0007,3,8.90,0
O000753,4,P0006,1,5.90,5
O000754,1,P0013,5,14.90,0
O000754,2,P0016,2,29.90,10
O000754,3,P0024,4,16.90,5
O000755,1,P0003,5,39.90,5
O000755,2,P0020,4,14.90,0
O000755,3,P0022,4,24.90,0
O000756,1,P0021,1,54.90,10
O000756,2,P0003,3,39.90,10
O000756,3,P0006,1,5.90,15
O000757,1,P0019,5,39.90,0
O000758,1,P0022,5,24.90,0
O000759,1,P0003,4,39.90,10
O000759,2,P0018,1,11.90,5
O000759,3,P0020,1,14.90,0
O000759,4,P0011,4,12.90,0
O000760,1,P0009,2,34.90,0
O000760,2,P0003,2,39.90,0
O000760,3,P0004,3,89.90,0
O000760,4,P0018,2,11.90,0
O000761,1,P0006,1,5.90,0
O000761,2,P0001,4,24.90,0
O000761,3,P0023,3,19.90,0
O000762,1,P0007,2,8.90,10
O000763,1,P0004,4,89.90,10
O000763,2,P0009,4,34.90,0
O000763,3,P0002,4,59.90,0
O000763,4,P0011,4,12.90,15
O000764,1,P0008,5,19.90,15
O000765,1,P0003,2,39.90,0
O000765,2,P0021,5,54.90,0
O000765,3,P0017,2,9.90,10
O000765,4,P0007,4,8.90,10
O000766,1,P0021,1,54.90,5
O000766,2,P0006,3,5.90,10
O000766,3,P0001,3,24.90,15
O000767,1,P0002,5,59.90,10
O000767,2,P0006,1,5.90,0
O000767,3,P0024,1,16.90,5
O000768,1,P0014,5,29.90,0
O000768,2,P0007,3,8.90,15
O000768,3,P0020,3,14.90,15
O000769,1,P0007,3,8.90,0
O000769,2,P0015,2,22.90,15
O000769,3,P0020,1,14.90,10
O000770,1,P0014,4,29.90,5
O000770,2,P0018,5,11.90,0
O000771,1,P0022,4,24.90,15
O000772,1,P0013,1,14.90,0
O000772,2,P0006,4,5.90,0
O000772,3,P0025,2,27.90,5
O000773,1,P0007,3,8.90,15
O000773,2,P0003,2,39.90,0
O000773,3,P0020,4,14.90,0
O000774,1,P0001,4,24.90,0
O000774,2,P0007,3,8.90,10
O000775,1,P0003,2,39.90,15
O000775,2,P0019,1,39.90,0
O000776,1,P0007,5,8.90,10
O000776,2,P0022,3,24.90,15
O000776,3,P0001,5,24.90,5
O000777,1,P0011,4,12.90,5
O000778,1,P0012,2,18.90,0
O000778,2,P0017,3,9.90,5
O000778,3,P0025,5,27.90,5
O000778,4,P0002,3,59.90,0
O000779,1,P0024,2,16.90,15
O000780,1,P0011,1,12.90,15
O000780,2,P0010,1,44.90,0
O000781,1,P0009,4,34.90,0
O000781,2,P0008,3,19.90,0
O000781,3,P0004,3,89.90,10
O000782,1,P0025,5,27.90,0
O000782,2,P0004,1,89.90,0
O000782,3,P0021,1,54.90,5
O000782,4,P0015,3,22.90,15
O000783,1,P0010,5,44.90,15
O000784,1,P0010,4,44.90,5
O000785,1,P0015,4,22.90,5
O000786,1,P0011,1,12.90,5
O000787,1,P0001,5,24.90,15
O000788,1,P0021,3,54.90,0
O000788,2,P0017,4,9.90,5
O000789,1,P0002,3,59.90,10
O000789,2,P0005,4,69.90,10
O000790,1,P0005,3,69.90,10
O000790,2,P0016,3,29.90,0
O000791,1,P0002,5,59.90,10
O000791,2,P0008,1,19.90,5
O000792,1,P0003,2,39.90,15
O000792,2,P0011,4,12.90,15
O000793,1,P0020,3,14.90,0
O000793,2,P0010,1,44.90,5
O000793,3,P0014,1,29.90,5
O000794,1,P0015,2,22.90,0
O000794,2,P0020,4,14.90,15
O000795,1,P0013,1,14.90,0
O000795,2,P0006,1,5.90,0
O000796,1,P0015,5,22.90,0
O000796,2,P0007,1,8.90,0
O000796,3,P0021,2,54.90,0
O000797,1,P0011,2,12.90,0
O000797,2,P0018,2,11.90,0
O000798,1,P0013,1,14.90,0
O000798,2,P0021,2,54.90,0
O000799,1,P0017,4,9.90,15
O000799,2,P0020,1,14.90,0
O000800,1,P0023,4,19.90,15
O000800,2,P0012,2,18.90,0
O000800,3,P0011,5,12.90,10
O000800,4,P0020,2,14.90,10
O000801,1,P0005,4,69.90,0
O000801,2,P0017,1,9.90,5
O000801,3,P0019,5,39.90,0
O000802,1,P0016,2,29.90,0
O000802,2,P0017,3,9.90,10
O000802,3,P0015,4,22.90,15
O000803,1,P0007,2,8.90,0
O000804,1,P0013,3,14.90,10
O000804,2,P0019,1,39.90,0
O000804,3,P0006,1,5.90,0
O000804,4,P0012,4,18.90,10
O000805,1,P0014,4,29.90,0
O000805,2,P0015,3,22.90,5
O000805,3,P0012,1,18.90,0
O000806,1,P0003,5,39.90,10
O000806,2,P0010,1,44.90,0
O000806,3,P0017,2,9.90,0
O000807,1,P0011,3,12.90,0
O000807,2,P0007,3,8.90,15
O000808,1,P0023,2,19.90,15
O000808,2,P0020,5,14.90,0
O000809,1,P0013,1,14.90,5
O000809,2,P0019,5,39.90,0
O000809,3,P0025,4,27.90,0
O000809,4,P0021,2,54.90,15
O000810,1,P0024,3,16.90,0
O000810,2,P0015,4,22.90,15
O000810,3,P0011,4,12.90,0
O000810,4,P0003,4,39.90,5
O000811,1,P0010,1,44.90,5
O000811,2,P0024,3,16.90,0
O000812,1,P0011,5,12.90,0
O000812,2,P0019,2,39.90,0
O000812,3,P0001,3,24.90,10
O000813,1,P0013,4,14.90,0
O000813,2,P0007,4,8.90,0
O000813,3,P0003,3,39.90,10
O000813,4,P0018,4,11.90,15
O000814,1,P0002,5,59.90,5
O000814,2,P0023,1,19.90,0
O000815,1,P0007,5,8.90,0
O000815,2,P0008,4,19.90,0
O000815,3,P0010,3,44.90,10
O000816,1,P0006,4,5.90,5
O000816,2,P0004,1,89.90,5
O000816,3,P0005,2,69.90,0
O000816,4,P0018,2,11.90,0
O000817,1,P0019,4,39.90,0
O000817,2,P0007,2,8.90,0
O000817,3,P0017,2,9.90,5
O000818,1,P0019,4,39.90,10
O000818,2,P0016,1,29.90,15
O000818,3,P0015,1,22.90,0
O000819,1,P0013,4,14.90,0
O000819,2,P0020,2,14.90,10
O000819,3,P0006,4,5.90,5
O000820,1,P0013,1,14.90,0
O000821,1,P0022,2,24.90,5
O000821,2,P0003,4,39.90,10
O000821,3,P0023,1,19.90,0
O000822,1,P0015,5,22.90,0
O000822,2,P0006,4,5.90,0
O000822,3,P0009,1,34.90,15
O000822,4,P0007,4,8.90,5
O000823,1,P0002,2,59.90,0
O000823,2,P0001,4,24.90,5
O000823,3,P0009,4,34.90,0
O000823,4,P0004,1,89.90,10
O000824,1,P0016,2,29.90,0
O000824,2,P0009,1,34.90,10
O000825,1,P0006,1,5.90,15
O000825,2,P0003,3,39.90,0
O000825,3,P0022,4,24.90,0
O000825,4,P0025,2,27.90,0
O000826,1,P0015,1,22.90,15
O000826,2,P0023,5,19.90,15
O000827,1,P0023,5,19.90,0
O000827,2,P0010,1,44.90,5
O000827,3,P0015,2,22.90,0
O000827,4,P0002,3,59.90,0
O000828,1,P0011,2,12.90,15
O000829,1,P0024,1,16.90,5
O000829,2,P0006,5,5.90,0
O000830,1,P0020,5,14.90,5
O000830,2,P0007,4,8.90,0
O000831,1,P0001,3,24.90,0
O000831,2,P0013,4,14.90,0
O000832,1,P0002,4,59.90,0
O000832,2,P0003,5,39.90,5
O000832,3,P0007,1,8.90,15
O000833,1,P0021,2,54.90,0
O000833,2,P0023,2,19.90,15
O000833,3,P0013,3,14.90,15
O000834,1,P0013,2,14.90,10
O000834,2,P0017,5,9.90,15
O000834,3,P0021,1,54.90,0
O000834,4,P0024,1,16.90,10
O000835,1,P0025,1,27.90,0
O000835,2,P0008,3,19.90,5
O000835,3,P0020,3,14.90,0
O000835,4,P0003,2,39.90,5
O000836,1,P0024,3,16.90,15
O000836,2,P0011,1,12.90,10
O000836,3,P0005,4,69.90,15
O000836,4,P0009,3,34.90,0
O000837,1,P0018,2,11.90,15
O000837,2,P0002,2,59.90,10
O000838,1,P0021,1,54.90,0
O000838,2,P0001,1,24.90,15
O000838,3,P0003,2,39.90,0
O000838,4,P0016,2,29.90,0
O000839,1,P0017,4,9.90,15
O000839,2,P0003,4,39.90,0
O000840,1,P0020,3,14.90,0
O000840,2,P0008,5,19.90,5
O000841,1,P0012,4,18.90,5
O000842,1,P0025,4,27.90,5
O000842,2,P0005,1,69.90,0
O000842,3,P0016,5,29.90,10
O000842,4,P0001,2,24.90,10
O000843,1,P0015,5,22.90,10
O000843,2,P0010,4,44.90,0
O000843,3,P0013,3,14.90,0
O000844,1,P0001,5,24.90,15
O000845,1,P0024,3,16.90,15
O000845,2,P0012,5,18.90,0
O000845,3,P0013,4,14.90,0
O000845,4,P0016,1,29.90,5
O000846,1,P0025,5,27.90,15
O000846,2,P0024,4,16.90,15
O000846,3,P0012,3,18.90,15
O000847,1,P0008,1,19.90,0
O000847,2,P0016,1,29.90,15
O000848,1,P0022,5,24.90,10
O000848,2,P0005,2,69.90,0
O000848,3,P0009,1,34.90,0
O000848,4,P0008,4,19.90,5
O000849,1,P0014,4,29.90,0
O000849,2,P0006,3,5.90,10
O000850,1,P0024,1,16.90,0
O000850,2,P0014,5,29.90,0
O000850,3,P0025,2,27.90,0
O000851,1,P0001,1,24.90,0
O000851,2,P0006,1,5.90,15
O000851,3,P0016,4,29.90,10
O000852,1,P0006,2,5.90,15
O000852,2,P0012,2,18.90,0
O000853,1,P0019,2,39.90,0
O000853,2,P0007,3,8.90,5
O000853,3,P0006,4,5.90,15
O000853,4,P0002,5,59.90,0
O000854,1,P0013,1,14.90,0
O000855,1,P0016,1,29.90,0
O000855,2,P0022,3,24.90,0
O000855,3,P0025,5,27.90,0
O000855,4,P0004,1,89.90,0
O000856,1,P0016,5,29.90,5
O000856,2,P0025,3,27.90,0
O000856,3,P0011,3,12.90,0
O000857,1,P0013,3,14.90,0
O000857,2,P0020,1,14.90,5
O000857,3,P0002,4,59.90,15
O000857,4,P0012,2,18.90,0
O000858,1,P0012,5,18.90,15
O000858,2,P0015,4,22.90,10
O000859,1,P0001,1,24.90,15
O000859,2,P0021,3,54.90,15
O000859,3,P0012,4,18.90,0
O000860,1,P0012,4,18.90,5
O000861,1,P0010,2,44.90,10
O000861,2,P0020,5,14.90,15
O000861,3,P0007,5,8.90,0
O000861,4,P0023,2,19.90,5
O000862,1,P0006,5,5.90,0
O000862,2,P0015,2,22.90,0
O000862,3,P0004,2,89.90,15
O000862,4,P0016,1,29.90,0
O000863,1,P0025,3,27.90,15
O000863,2,P0009,4,34.90,15
O000863,3,P0008,1,19.90,15
O000863,4,P0024,2,16.90,10
O000864,1,P0008,5,19.90,0
O000864,2,P0019,3,39.90,5
O000864,3,P0025,4,27.90,15
O000865,1,P0008,1,19.90,0
O000865,2,P0009,1,34.90,0
O000866,1,P0019,3,39.90,0
O000867,1,P0010,1,44.90,10
O000868,1,P0025,2,27.90,10
O000868,2,P0012,5,18.90,10
O000868,3,P0022,2,24.90,0
O000869,1,P0005,4,69.90,15
O000869,2,P0010,4,44.90,0
O000869,3,P0008,5,19.90,0
O000870,1,P0020,3,14.90,0
O000871,1,P0021,4,54.90,0
O000871,2,P0007,3,8.90,0
O000871,3,P0016,2,29.90,15
O000871,4,P0010,2,44.90,15
O000872,1,P0024,2,16.90,0
O000872,2,P0013,5,14.90,5
O000872,3,P0010,3,44.90,5
O000872,4,P0022,4,24.90,0
O000873,1,P0010,5,44.90,5
O000873,2,P0023,1,19.90,0
O000873,3,P0007,3,8.90,10
O000874,1,P0015,5,22.90,0
O000874,2,P0021,4,54.90,15
O000874,3,P0006,4,5.90,0
O000875,1,P0024,1,16.90,0
O000875,2,P0021,5,54.90,0
O000876,1,P0002,3,59.90,5
O000876,2,P0004,2,89.90,0
O000877,1,P0005,2,69.90,0
O000877,2,P0021,1,54.90,0
O000877,3,P0024,4,16.90,5
O000877,4,P0013,3,14.90,15
O000878,1,P0025,4,27.90,15
O000879,1,P0001,1,24.90,5
O000879,2,P0004,5,89.90,0
O000879,3,P0003,1,39.90,10
O000880,1,P0019,2,39.90,5
O000881,1,P0004,1,89.90,15
O000881,2,P0011,5,12.90,0
O000882,1,P0003,1,39.90,0
O000882,2,P0017,1,9.90,0
O000882,3,P0019,5,39.90,15
O000882,4,P0018,2,11.90,0
O000883,1,P0005,5,69.90,0
O000884,1,P0003,1,39.90,10
O000885,1,P0022,1,24.90,10
O000885,2,P0001,3,24.90,15
O000885,3,P0008,5,19.90,5
O000885,4,P0010,2,44.90,10
O000886,1,P0023,1,19.90,0
O000886,2,P0004,1,89.90,0
O000887,1,P0020,2,14.90,10
O000887,2,P0018,3,11.90,0
O000888,1,P0009,2,34.90,5
O000888,2,P0013,4,14.90,0
O000888,3,P0021,3,54.90,15
O000889,1,P0021,3,54.90,15
O000890,1,P0014,3,29.90,5
O000890,2,P0005,4,69.90,0
O000891,1,P0022,5,24.90,5
O000892,1,P0025,2,27.90,0
O000892,2,P0009,1,34.90,0
O000892,3,P0005,4,69.90,0
O000893,1,P0017,3,9.90,10
O000893,2,P0024,4,16.90,0
O000894,1,P0020,2,14.90,0
O000894,2,P0004,4,89.90,0
O000894,3,P0002,3,59.90,15
O000895,1,P0019,5,39.90,15
O000895,2,P0005,2,69.90,15
O000895,3,P0009,2,34.90,0
O000895,4,P0001,4,24.90,10
O000896,1,P0023,5,19.90,5
O000896,2,P0025,4,27.90,0
O000896,3,P0008,4,19.90,0
O000897,1,P0017,1,9.90,0
O000897,2,P0023,4,19.90,0
O000897,3,P0008,1,19.90,15
O000897,4,P0010,1,44.90,0
O000898,1,P0003,3,39.90,10
O000899,1,P0022,4,24.90,5
O000899,2,P0017,5,9.90,15
O000899,3,P0024,5,16.90,15
O000899,4,P0005,1,69.90,5
O000900,1,P0023,4,19.90,15
O000901,1,P0020,4,14.90,0
O000902,1,P0003,2,39.90,10
O000902,2,P0012,3,18.90,0
O000903,1,P0011,2,12.90,10
O000904,1,P0016,2,29.90,0
O000904,2,P0010,5,44.90,5
O000904,3,P0009,2,34.90,0
O000905,1,P0020,1,14.90,10
O000905,2,P0016,4,29.90,0
O000905,3,P0002,3,59.90,0
O000905,4,P0012,1,18.90,0
O000906,1,P0004,4,89.90,5
O000907,1,P0004,3,89.90,0
O000907,2,P0016,4,29.90,5
O000907,3,P0001,3,24.90,0
O000907,4,P0005,3,69.90,5
O000908,1,P0015,4,22.90,0
O000909,1,P0023,2,19.90,0
O000909,2,P0007,1,8.90,0
O000909,3,P0004,4,89.90,5
O000910,1,P0016,3,29.90,0
O000910,2,P0022,4,24.90,5
O000911,1,P0011,4,12.90,10
O000911,2,P0025,4,27.90,0
O000912,1,P0012,1,18.90,15
O000912,2,P0017,2,9.90,0
O000913,1,P0014,4,29.90,0
O000914,1,P0020,5,14.90,0
O000914,2,P0005,2,69.90,0
O000915,1,P0022,2,24.90,5
O000915,2,P0014,1,29.90,15
O000916,1,P0008,2,19.90,5
O000916,2,P0004,1,89.90,0
O000917,1,P0003,4,39.90,5
O000917,2,P0002,5,59.90,0
O000918,1,P0014,5,29.90,5
O000918,2,P0016,1,29.90,0
O000918,3,P0002,1,59.90,0
O000919,1,P0008,1,19.90,0
O000919,2,P0011,1,12.90,15
O000919,3,P0002,3,59.90,0
O000919,4,P0006,3,5.90,5
O000920,1,P0016,3,29.90,0
O000920,2,P0012,1,18.90,15
O000920,3,P0011,1,12.90,15
O000921,1,P0024,5,16.90,10
O000921,2,P0012,5,18.90,0
O000921,3,P0025,2,27.90,15
O000922,1,P0005,5,69.90,0
O000923,1,P0007,4,8.90,0
O000923,2,P0023,1,19.90,10
O000924,1,P0018,2,11.90,0
O000924,2,P0024,2,16.90,0
O000925,1,P0012,1,18.90,5
O000925,2,P0015,1,22.90,5
O000925,3,P0021,4,54.90,10
O000926,1,P0023,1,19.90,10
O000926,2,P0005,1,69.90,15
O000926,3,P0010,2,44.90,15
O000927,1,P0006,4,5.90,10
O000928,1,P0007,2,8.90,10
O000928,2,P0006,2,5.90,10
O000928,3,P0001,1,24.90,10
O000929,1,P0010,3,44.90,10
O000929,2,P0008,1,19.90,0
O000929,3,P0023,2,19.90,0
O000930,1,P0009,3,34.90,0
O000930,2,P0005,2,69.90,0
O000931,1,P0011,5,12.90,0
O000931,2,P0003,2,39.90,5
O000931,3,P0023,5,19.90,0
O000932,1,P0008,2,19.90,0
O000932,2,P0024,1,16.90,10
O000932,3,P0009,5,34.90,0
O000933,1,P0021,2,54.90,5
O000933,2,P0020,2,14.90,0
O000933,3,P0018,3,11.90,0
O000934,1,P0015,4,22.90,0
O000934,2,P0008,2,19.90,5
O000935,1,P0007,4,8.90,15
O000935,2,P0019,2,39.90,15
O000936,1,P0022,2,24.90,0
O000936,2,P0020,4,14.90,0
O000936,3,P0007,4,8.90,15
O000936,4,P0003,4,39.90,0
O000937,1,P0013,4,14.90,0
O000938,1,P0005,2,69.90,0
O000939,1,P0001,1,24.90,10
O000940,1,P0005,5,69.90,5
O000940,2,P0016,2,29.90,0
O000941,1,P0021,1,54.90,0
O000941,2,P0018,1,11.90,10
O000941,3,P0004,3,89.90,0
O000942,1,P0008,4,19.90,5
O000943,1,P0022,2,24.90,0
O000943,2,P0023,2,19.90,0
O000943,3,P0004,3,89.90,0
O000943,4,P0016,1,29.90,10
O000944,1,P0020,2,14.90,0
O000945,1,P0005,3,69.90,0
O000945,2,P0022,1,24.90,0
O000945,3,P0010,4,44.90,15
O000945,4,P0020,3,14.90,0
O000946,1,P0025,2,27.90,0
O000946,2,P0021,2,54.90,5
O000947,1,P0004,5,89.90,5
O000948,1,P0006,4,5.90,0
O000948,2,P0025,3,27.90,5
O000949,1,P0005,4,69.90,5
O000949,2,P0021,5,54.90,5
O000949,3,P0008,5,19.90,10
O000950,1,P0003,5,39.90,10
O000950,2,P0019,2,39.90,15
O000950,3,P0023,1,19.90,0
O000950,4,P0014,3,29.90,0
O000951,1,P0004,3,89.90,0
O000951,2,P0002,2,59.90,0
O000952,1,P0008,2,19.90,0
O000952,2,P0007,2,8.90,5
O000952,3,P0002,1,59.90,15
O000952,4,P0024,4,16.90,0
O000953,1,P0016,5,29.90,0
O000954,1,P0003,5,39.90,5
O000954,2,P0001,2,24.90,0
O000955,1,P0016,3,29.90,5
O000955,2,P0014,1,29.90,0
O000955,3,P0024,1,16.90,0
O000956,1,P0001,4,24.90,15
O000956,2,P0013,4,14.90,10
O000957,1,P0023,2,19.90,0
O000957,2,P0008,1,19.90,10
O000957,3,P0014,4,29.90,0
O000958,1,P0013,5,14.90,10
O000958,2,P0006,1,5.90,15
O000959,1,P0013,4,14.90,0
O000959,2,P0006,3,5.90,0
O000959,3,P0002,1,59.90,0
O000959,4,P0012,3,18.90,10
O000960,1,P0018,1,11.90,0
O000960,2,P0004,5,89.90,0
O000961,1,P0008,3,19.90,0
O000962,1,P0002,3,59.90,0
O000963,1,P0017,4,9.90,15
O000963,2,P0007,3,8.90,0
O000963,3,P0011,1,12.90,0
O000963,4,P0025,4,27.90,15
O000964,1,P0019,4,39.90,5
O000965,1,P0003,2,39.90,15
O000965,2,P0021,2,54.90,15
O000965,3,P0023,2,19.90,10
O000965,4,P0008,5,19.90,15
O000966,1,P0005,5,69.90,5
O000966,2,P0011,1,12.90,15
O000966,3,P0010,4,44.90,0
O000966,4,P0012,2,18.90,10
O000967,1,P0004,3,89.90,10
O000967,2,P0001,1,24.90,5
O000967,3,P0005,1,69.90,5
O000967,4,P0025,3,27.90,0
O000968,1,P0012,4,18.90,0
O000968,2,P0003,4,39.90,0
O000968,3,P0006,4,5.90,15
O000969,1,P0002,4,59.90,10
O000969,2,P0012,2,18.90,5
O000969,3,P0010,3,44.90,10
O000969,4,P0013,5,14.90,0
O000970,1,P0009,1,34.90,15
O000970,2,P0022,2,24.90,15
O000970,3,P0002,5,59.90,0
O000970,4,P0020,2,14.90,0
O000971,1,P0008,4,19.90,5
O000972,1,P0004,1,89.90,5
O000972,2,P0003,4,39.90,0
O000972,3,P0006,4,5.90,0
O000972,4,P0024,1,16.90,0
O000973,1,P0004,5,89.90,0
O000973,2,P0009,4,34.90,0
O000973,3,P0015,2,22.90,0
O000973,4,P0002,5,59.90,0
O000974,1,P0016,4,29.90,0
O000974,2,P0007,3,8.90,15
O000974,3,P0002,2,59.90,0
O000974,4,P0001,2,24.90,0
O000975,1,P0014,3,29.90,0
O000975,2,P0017,1,9.90,0
O000975,3,P0007,4,8.90,0
O000975,4,P0022,3,24.90,0
O000976,1,P0018,3,11.90,15
O000976,2,P0023,5,19.90,5
O000976,3,P0006,1,5.90,10
O000976,4,P0014,5,29.90,0
O000977,1,P0011,3,12.90,0
O000977,2,P0022,2,24.90,5
O000978,1,P0009,4,34.90,0
O000978,2,P0017,4,9.90,15
O000978,3,P0024,5,16.90,0
O000978,4,P0001,1,24.90,0
O000979,1,P0020,2,14.90,0
O000979,2,P0013,2,14.90,0
O000980,1,P0001,1,24.90,15
O000980,2,P0010,4,44.90,15
O000980,3,P0017,4,9.90,5
O000981,1,P0017,2,9.90,5
O000981,2,P0025,4,27.90,0
O000981,3,P0011,2,12.90,10
O000981,4,P0004,5,89.90,0
O000982,1,P0021,1,54.90,0
O000982,2,P0010,1,44.90,0
O000982,3,P0023,1,19.90,10
O000982,4,P0020,4,14.90,0
O000983,1,P0021,4,54.90,10
O000984,1,P0008,4,19.90,10
O000984,2,P0025,4,27.90,0
O000985,1,P0014,4,29.90,0
O000985,2,P0021,3,54.90,0
O000985,3,P0023,5,19.90,0
O000985,4,P0024,3,16.90,15
O000986,1,P0001,1,24.90,0
O000986,2,P0014,1,29.90,0
O000987,1,P0011,4,12.90,0
O000987,2,P0006,5,5.90,5
O000987,3,P0019,2,39.90,10
O000988,1,P0005,2,69.90,5
O000988,2,P0021,3,54.90,10
O000988,3,P0013,2,14.90,5
O000988,4,P0024,2,16.90,0
O000989,1,P0025,2,27.90,0
O000989,2,P0021,2,54.90,0
O000989,3,P0009,1,34.90,0
O000989,4,P0018,4,11.90,0
O000990,1,P0019,4,39.90,0
O000991,1,P0006,2,5.90,0
O000991,2,P0008,2,19.90,10
O000991,3,P0021,2,54.90,15
O000992,1,P0009,1,34.90,0
O000993,1,P0004,4,89.90,10
O000994,1,P0003,3,39.90,0
O000994,2,P0016,4,29.90,0
O000995,1,P0007,4,8.90,5
O000996,1,P0006,1,5.90,0
O000996,2,P0010,5,44.90,15
O000997,1,P0016,1,29.90,0
O000997,2,P0020,5,14.90,15
O000997,3,P0018,3,11.90,0
O000998,1,P0007,1,8.90,0
O000998,2,P0012,1,18.90,0
O000999,1,P0009,2,34.90,0
O000999,2,P0016,3,29.90,15
O001000,1,P0014,3,29.90,0
O001000,2,P0017,2,9.90,15
O001000,3,P0013,3,14.90,5
O001000,4,P0007,1,8.90,10
